date,state,lat,lon,species,catch_probability,sst_C,chlorophyll_mg_m3,current_speed_m_s,landing_center,min_price_Rs_per_kg,max_price_Rs_per_kg
2025-01-01,Kerala,12.2077,76.551,Pomfret,0.29,25.83,1.438,0.898,Thiruvananthapuram,538.02,734.48
2025-01-02,Kerala,10.8677,77.0831,Indian Mackerel,0.312,26.05,0.404,0.622,Alappuzha,107.58,122.71
2025-01-03,Kerala,9.6422,77.3654,Sardine,0.353,25.8,1.385,0.532,Thiruvananthapuram,55.24,76.24
2025-01-04,Kerala,9.6409,75.5179,Sardine,0.72,26.99,0.978,0.548,Thiruvananthapuram,56.1,76.9
2025-01-05,Kerala,9.8963,74.1794,Sardine,0.532,26.1,0.953,0.191,Thiruvananthapuram,43.73,74.99
2025-01-06,Kerala,10.6193,74.7142,Indian Mackerel,0.164,26.18,1.866,0.235,Thiruvananthapuram,108.86,126.07
2025-01-07,Kerala,10.9678,76.3824,Pomfret,0.462,26.13,1.065,0.788,Thiruvananthapuram,484.54,764.24
2025-01-08,Kerala,12.5058,75.7233,Sardine,0.33,26.18,1.638,0.621,Kannur,57.95,62.39
2025-01-09,Kerala,9.5736,76.8551,Seer Fish,0.387,25.7,0.969,1.134,Thiruvananthapuram,402.19,440.42
2025-01-10,Kerala,11.7286,76.9664,Tuna,0.73,27.01,0.983,0.747,Kochi,293.06,357.6
2025-01-11,Kerala,9.0164,74.1452,Shrimp,0.532,26.87,1.534,0.54,Alappuzha,605.8,770.09
2025-01-12,Kerala,9.2427,74.1849,Sardine,0.65,26.66,1.129,0.477,Thiruvananthapuram,43.49,74.15
2025-01-13,Kerala,11.4165,77.1442,Sardine,0.677,26.86,1.277,0.652,Kannur,53.33,72.47
2025-01-14,Kerala,10.8919,75.7143,Sardine,0.448,26.84,0.367,0.666,Thiruvananthapuram,41.7,68.72
2025-01-15,Kerala,11.1599,75.532,Shrimp,0.47,26.47,1.318,0.05,Alappuzha,552.71,635.1
2025-01-16,Kerala,10.2789,75.1771,Seer Fish,0.705,26.79,1.092,0.468,Alappuzha,367.73,484.02
2025-01-17,Kerala,8.8621,74.9847,Indian Mackerel,0.456,26.28,1.149,0.285,Kochi,103.06,111.86
2025-01-18,Kerala,10.7687,74.4172,Sardine,0.267,25.86,0.449,0.943,Kochi,56.88,65.25
2025-01-19,Kerala,10.0242,74.1397,Tuna,0.513,26.64,1.563,0.115,Kannur,321.75,361.61
2025-01-20,Kerala,9.9404,77.4764,Sardine,0.611,28.08,1.521,0.759,Kannur,45.8,64.03
2025-01-21,Kerala,9.273,74.5942,Pomfret,0.889,27.62,1.188,0.778,Kannur,379.35,605.08
2025-01-22,Kerala,10.4735,74.3583,Pomfret,0.68,27.23,1.36,0.839,Thiruvananthapuram,319.93,720.78
2025-01-23,Kerala,12.4763,76.0148,Seer Fish,0.424,26.76,1.771,0.599,Alappuzha,375.87,472.52
2025-01-24,Kerala,9.5178,76.9574,Pomfret,0.342,26.32,1.622,0.672,Kochi,352.26,723.95
2025-01-25,Kerala,12.5322,77.4843,Shrimp,0.494,26.38,1.158,0.413,Kannur,621.1,855.62
2025-01-26,Kerala,11.8811,75.1127,Pomfret,0.839,28.17,1.11,0.758,Thiruvananthapuram,507.39,583.42
2025-01-27,Kerala,12.4899,76.63,Sardine,0.78,28.25,1.179,0.452,Kannur,46.64,74.02
2025-01-28,Kerala,11.6735,77.2529,Sardine,0.503,26.74,0.551,0.278,Thiruvananthapuram,58.37,60.94
2025-01-29,Kerala,9.6263,75.418,Sardine,0.477,27.18,1.743,0.44,Kollam,50.85,73.07
2025-01-30,Kerala,9.3151,76.0757,Shrimp,0.296,26.68,2.047,0.248,Thiruvananthapuram,413.36,704.54
2025-01-31,Kerala,9.7729,76.3231,Indian Mackerel,0.712,27.06,1.145,0.787,Alappuzha,97.93,129.94
2025-02-01,Kerala,10.0128,76.4538,Indian Mackerel,0.526,26.45,1.415,0.512,Kollam,95.43,135.71
2025-02-02,Kerala,10.241,75.259,Indian Mackerel,0.664,27.84,1.325,0.05,Thiruvananthapuram,94.26,132.71
2025-02-03,Kerala,11.3078,77.0227,Sardine,0.753,27.08,1.186,0.05,Thiruvananthapuram,44.08,76.53
2025-02-04,Kerala,10.6769,74.1911,Pomfret,0.599,27.06,0.544,0.873,Kollam,376.23,598.17
2025-02-05,Kerala,8.6195,75.0425,Pomfret,0.801,28.5,1.023,0.495,Kochi,344.79,772.79
2025-02-06,Kerala,10.2097,76.4838,Pomfret,0.425,27.88,1.948,0.884,Kochi,305.46,743.62
2025-02-07,Kerala,8.6453,75.637,Shrimp,0.608,27.73,1.49,0.655,Kannur,559.52,870.66
2025-02-08,Kerala,10.0776,75.8744,Sardine,0.702,27.87,0.533,0.519,Kollam,52.3,78.54
2025-02-09,Kerala,12.6179,75.7814,Pomfret,0.691,28.55,1.247,0.44,Kochi,369.75,651.24
2025-02-10,Kerala,12.7942,74.1924,Shrimp,0.566,27.17,0.34,0.253,Kannur,421.17,712.03
2025-02-11,Kerala,8.4174,75.0613,Seer Fish,0.647,28.5,0.456,0.514,Kochi,254.21,518.47
2025-02-12,Kerala,11.304,76.6204,Shrimp,0.226,29.38,2.112,0.147,Kochi,584.66,762.04
2025-02-13,Kerala,10.8956,74.7954,Tuna,0.817,27.81,0.96,0.58,Alappuzha,262.66,423.8
2025-02-14,Kerala,8.8182,75.3458,Pomfret,0.634,28.19,0.36,0.32,Thiruvananthapuram,359.57,606.1
2025-02-15,Kerala,10.4216,74.913,Tuna,0.843,27.77,1.012,0.865,Kollam,301.3,410.25
2025-02-16,Kerala,12.1881,74.8545,Seer Fish,0.698,28.29,1.43,0.206,Kollam,319.03,576.74
2025-02-17,Kerala,9.1712,77.3836,Tuna,0.221,28.73,2.359,0.764,Kochi,322.24,353.47
2025-02-18,Kerala,8.8305,74.9337,Pomfret,0.852,27.96,1.102,0.418,Kochi,311.98,787.13
2025-02-19,Kerala,11.4136,74.0238,Pomfret,0.698,28.19,1.346,1.128,Alappuzha,496.58,651.28
2025-02-20,Kerala,8.013,76.9748,Tuna,0.788,28.46,0.956,0.544,Alappuzha,252.0,380.47
2025-02-21,Kerala,11.2985,76.8518,Shrimp,0.696,27.27,1.117,0.862,Alappuzha,384.55,704.68
2025-02-22,Kerala,9.146,74.7474,Shrimp,0.699,27.54,1.212,0.07,Kannur,368.71,712.15
2025-02-23,Kerala,9.2806,75.7707,Shrimp,0.735,28.44,1.242,0.918,Kochi,366.75,817.93
2025-02-24,Kerala,8.0472,75.4321,Pomfret,0.782,28.56,1.121,0.171,Kollam,373.48,661.58
2025-02-25,Kerala,11.4897,76.4252,Shrimp,0.69,28.91,0.739,0.726,Kochi,459.12,743.58
2025-02-26,Kerala,10.7326,74.0073,Shrimp,0.412,29.72,1.259,0.555,Thiruvananthapuram,492.66,639.07
2025-02-27,Kerala,9.1177,75.722,Sardine,0.717,28.18,1.261,1.083,Kochi,49.1,63.27
2025-02-28,Kerala,9.4598,76.1739,Seer Fish,0.558,28.94,1.472,0.592,Kannur,337.42,558.84
2025-03-01,Kerala,9.2747,76.8237,Shrimp,0.753,28.62,1.07,0.463,Alappuzha,422.91,743.8
2025-03-02,Kerala,12.7954,74.7711,Seer Fish,0.259,28.33,2.253,1.119,Kollam,409.37,501.24
2025-03-03,Kerala,8.6196,76.598,Shrimp,0.825,28.32,0.953,0.673,Alappuzha,616.61,749.83
2025-03-04,Kerala,10.4336,76.0026,Shrimp,0.656,28.47,1.297,0.088,Kannur,605.93,631.78
2025-03-05,Kerala,11.3441,76.5386,Shrimp,0.778,27.43,0.779,0.726,Kollam,498.28,695.15
2025-03-06,Kerala,11.6858,76.6313,Pomfret,0.826,28.6,1.046,0.662,Alappuzha,313.78,656.72
2025-03-07,Kerala,10.2513,77.2499,Sardine,0.746,28.21,0.588,0.44,Kochi,59.62,73.24
2025-03-08,Kerala,11.9211,76.6234,Sardine,0.625,28.03,1.568,0.272,Kollam,42.05,60.24
2025-03-09,Kerala,8.6705,76.5051,Shrimp,0.513,27.5,0.308,0.568,Alappuzha,417.28,740.86
2025-03-10,Kerala,12.0264,77.0699,Indian Mackerel,0.81,27.81,1.289,0.666,Thiruvananthapuram,95.42,128.17
2025-03-11,Kerala,11.033,75.8447,Indian Mackerel,0.732,28.92,1.072,0.118,Thiruvananthapuram,85.68,122.03
2025-03-12,Kerala,12.5494,75.3881,Shrimp,0.406,29.69,1.315,0.153,Kollam,425.41,632.32
2025-03-13,Kerala,11.5291,76.1898,Pomfret,0.419,29.51,1.653,0.596,Kochi,331.53,582.46
2025-03-14,Kerala,11.2457,77.0051,Indian Mackerel,0.681,28.85,0.872,0.112,Kannur,89.67,133.31
2025-03-15,Kerala,8.3398,76.3114,Sardine,0.686,28.53,1.503,0.082,Kochi,40.66,79.08
2025-03-16,Kerala,9.0076,76.7612,Tuna,0.554,29.25,0.687,0.493,Alappuzha,307.28,392.57
2025-03-17,Kerala,12.3766,74.5132,Indian Mackerel,0.678,29.2,1.087,0.05,Kochi,102.64,119.28
2025-03-18,Kerala,10.1503,75.4192,Sardine,0.481,28.79,1.701,0.666,Kochi,42.07,73.13
2025-03-19,Kerala,12.3535,74.5906,Pomfret,0.253,30.25,1.39,0.528,Thiruvananthapuram,347.08,625.93
2025-03-20,Kerala,8.4465,74.5035,Indian Mackerel,0.095,30.6,2.27,0.446,Kollam,102.01,135.2
2025-03-21,Kerala,10.6159,74.3037,Pomfret,0.646,28.59,1.63,0.649,Kannur,354.58,563.67
2025-03-22,Kerala,8.0848,74.3597,Sardine,0.518,29.62,1.156,0.865,Kochi,43.27,73.84
2025-03-23,Kerala,11.2366,77.4298,Tuna,0.809,28.62,1.06,0.4,Kochi,309.78,439.67
2025-03-24,Kerala,9.8376,76.2072,Seer Fish,0.856,27.69,0.961,0.611,Kochi,332.96,578.24
2025-03-25,Kerala,9.3029,74.013,Sardine,0.583,28.3,1.549,0.935,Kochi,41.91,77.96
2025-03-26,Kerala,12.49,77.4293,Sardine,0.748,28.35,1.288,0.738,Kochi,56.11,61.54
2025-03-27,Kerala,9.9858,76.3761,Pomfret,0.559,28.99,1.543,0.382,Kannur,541.09,590.93
2025-03-28,Kerala,9.4372,74.3505,Pomfret,0.665,28.53,1.447,0.377,Alappuzha,545.35,707.42
2025-03-29,Kerala,9.9976,74.5829,Pomfret,0.381,29.88,1.551,0.295,Kannur,510.74,661.47
2025-03-30,Kerala,11.4012,76.5616,Tuna,0.434,29.9,0.914,0.174,Kollam,334.57,389.57
2025-03-31,Kerala,11.9171,75.5122,Tuna,0.552,29.61,1.101,0.678,Kollam,292.45,383.0
2025-04-01,Kerala,8.6927,74.3275,Seer Fish,0.627,28.06,1.545,0.05,Kannur,306.0,513.56
2025-04-02,Kerala,8.7801,77.3591,Pomfret,0.353,29.66,1.697,0.599,Alappuzha,408.82,681.29
2025-04-03,Kerala,8.9582,76.6269,Pomfret,0.432,28.68,1.89,0.234,Alappuzha,344.47,637.93
2025-04-04,Kerala,10.1129,74.2426,Indian Mackerel,0.882,27.92,0.984,0.616,Kochi,94.64,116.13
2025-04-05,Kerala,11.0087,75.2556,Indian Mackerel,0.402,27.58,0.067,0.744,Alappuzha,93.53,131.56
2025-04-06,Kerala,10.8139,75.7233,Sardine,0.441,29.48,0.993,0.177,Thiruvananthapuram,52.63,70.86
2025-04-07,Kerala,8.621,75.3154,Sardine,0.539,28.94,1.505,0.33,Kochi,43.29,68.13
2025-04-08,Kerala,12.4476,76.4865,Sardine,0.678,28.78,0.825,0.899,Kollam,42.19,79.32
2025-04-09,Kerala,8.839,76.2681,Tuna,0.567,28.85,0.461,0.237,Kochi,258.06,363.55
2025-04-10,Kerala,12.7425,75.3629,Pomfret,0.49,29.25,1.607,0.439,Kochi,541.4,635.39
2025-04-11,Kerala,9.6248,74.0248,Seer Fish,0.505,28.77,1.626,0.593,Alappuzha,314.53,559.7
2025-04-12,Kerala,11.8925,75.4012,Sardine,0.706,29.0,0.745,0.863,Alappuzha,58.73,76.51
2025-04-13,Kerala,11.7983,74.7032,Seer Fish,0.575,27.56,1.634,0.569,Thiruvananthapuram,257.8,450.04
2025-04-14,Kerala,8.0673,75.984,Tuna,0.69,29.02,0.978,0.614,Kannur,272.85,392.38
2025-04-15,Kerala,8.3466,76.3955,Sardine,0.657,28.42,1.465,0.795,Kochi,43.45,77.45
2025-04-16,Kerala,10.943,74.5502,Tuna,0.413,29.8,1.474,0.05,Kochi,312.42,429.05
2025-04-17,Kerala,12.6989,75.7565,Seer Fish,0.524,28.95,1.644,0.806,Thiruvananthapuram,323.15,574.32
2025-04-18,Kerala,12.1095,74.3473,Seer Fish,0.587,29.3,1.052,0.618,Alappuzha,359.05,487.31
2025-04-19,Kerala,11.7868,74.8179,Shrimp,0.603,29.42,0.813,0.578,Thiruvananthapuram,429.51,749.1
2025-04-20,Kerala,8.5615,75.5864,Shrimp,0.712,28.87,0.81,0.694,Kannur,458.4,858.26
2025-04-21,Kerala,10.3663,75.6517,Seer Fish,0.593,29.04,1.317,0.05,Kannur,377.06,585.61
2025-04-22,Kerala,12.3601,76.116,Sardine,0.809,28.31,1.076,0.235,Kannur,48.95,64.21
2025-04-23,Kerala,11.31,77.0706,Seer Fish,0.614,28.29,0.382,0.47,Kochi,282.28,512.07
2025-04-24,Kerala,9.3246,76.5585,Indian Mackerel,0.391,29.79,1.032,0.727,Kannur,102.26,111.57
2025-04-25,Kerala,12.0922,74.6937,Seer Fish,0.664,29.09,1.019,0.108,Kannur,272.16,456.24
2025-04-26,Kerala,10.3665,74.2868,Shrimp,0.39,29.85,1.423,0.468,Alappuzha,601.54,760.72
2025-04-27,Kerala,10.1771,74.1332,Seer Fish,0.827,28.47,1.258,0.515,Kollam,276.47,474.82
2025-04-28,Kerala,9.8047,76.6471,Sardine,0.861,28.29,0.805,0.953,Alappuzha,42.24,76.99
2025-04-29,Kerala,10.5577,75.6496,Sardine,0.831,28.29,1.392,0.05,Kollam,59.87,63.5
2025-04-30,Kerala,11.2287,74.6069,Seer Fish,0.341,30.08,1.224,0.695,Kollam,366.49,511.36
2025-01-01,Tamil Nadu,13.0775,76.0713,Shrimp,0.236,25.01,1.104,1.079,Nagapattinam,364.53,797.11
2025-01-02,Tamil Nadu,8.2998,79.764,Sardine,0.314,26.18,1.594,0.865,Chennai,44.2,62.33
2025-01-03,Tamil Nadu,13.3356,76.0989,Indian Mackerel,0.433,25.95,1.05,0.516,Nagapattinam,82.71,138.44
2025-01-04,Tamil Nadu,9.4221,77.5175,Sardine,0.46,26.62,1.618,0.6,Puducherry,47.01,75.46
2025-01-05,Tamil Nadu,12.4174,76.6904,Sardine,0.57,26.47,1.022,0.23,Nagapattinam,47.59,60.94
2025-01-06,Tamil Nadu,8.9704,80.3016,Sardine,0.27,25.9,1.73,0.748,Tuticorin,50.02,67.68
2025-01-07,Tamil Nadu,13.3464,76.7162,Pomfret,0.579,26.93,1.346,0.529,Nagapattinam,425.07,653.79
2025-01-08,Tamil Nadu,8.9306,76.8439,Indian Mackerel,0.389,26.05,1.295,0.113,Puducherry,89.83,113.47
2025-01-09,Tamil Nadu,10.1375,76.1675,Pomfret,0.624,27.09,1.389,0.39,Nagapattinam,429.92,597.64
2025-01-10,Tamil Nadu,10.5412,80.0636,Pomfret,0.651,27.15,0.64,0.676,Nagapattinam,413.19,758.89
2025-01-11,Tamil Nadu,13.2889,79.4879,Seer Fish,0.738,27.23,1.039,0.647,Tuticorin,339.05,435.93
2025-01-12,Tamil Nadu,10.1117,78.0,Shrimp,0.555,26.62,0.822,0.425,Tuticorin,457.09,886.72
2025-01-13,Tamil Nadu,9.7585,79.9064,Indian Mackerel,0.781,27.32,0.716,0.224,Nagapattinam,103.49,123.28
2025-01-14,Tamil Nadu,10.669,79.5006,Seer Fish,0.199,26.78,2.338,0.826,Chennai,341.74,542.38
2025-01-15,Tamil Nadu,9.4819,77.2489,Pomfret,0.602,26.91,0.661,0.332,Nagapattinam,454.53,677.38
2025-01-16,Tamil Nadu,11.0016,77.6174,Seer Fish,0.799,28.11,0.937,0.842,Nagapattinam,259.22,431.57
2025-01-17,Tamil Nadu,11.9445,78.4214,Shrimp,0.757,27.38,0.861,0.373,Puducherry,597.59,807.82
2025-01-18,Tamil Nadu,8.5787,79.0241,Seer Fish,0.394,26.65,1.691,0.448,Tuticorin,372.13,471.94
2025-01-19,Tamil Nadu,13.4963,76.789,Tuna,0.78,27.47,1.252,0.513,Chennai,325.76,370.79
2025-01-20,Tamil Nadu,9.1498,79.8182,Pomfret,0.505,26.83,0.56,1.183,Tuticorin,458.03,675.88
2025-01-21,Tamil Nadu,8.3306,80.1217,Shrimp,0.812,27.37,1.125,0.57,Puducherry,539.8,802.54
2025-01-22,Tamil Nadu,12.9063,79.2979,Tuna,0.487,26.88,1.683,0.892,Chennai,299.74,448.92
2025-01-23,Tamil Nadu,9.5284,78.2419,Pomfret,0.631,27.41,1.533,0.434,Puducherry,540.05,715.08
2025-01-24,Tamil Nadu,10.8749,76.1062,Seer Fish,0.781,27.65,1.208,0.458,Puducherry,283.17,446.98
2025-01-25,Tamil Nadu,9.7105,79.9866,Indian Mackerel,0.684,27.78,1.461,0.666,Puducherry,81.75,117.87
2025-01-26,Tamil Nadu,10.3984,76.7061,Sardine,0.845,28.16,0.993,0.098,Tuticorin,58.83,77.63
2025-01-27,Tamil Nadu,10.8336,79.4859,Tuna,0.377,26.52,1.809,0.809,Puducherry,303.13,338.74
2025-01-28,Tamil Nadu,11.274,78.4264,Tuna,0.215,26.57,1.985,0.729,Nagapattinam,334.64,384.49
2025-01-29,Tamil Nadu,9.7616,80.0799,Seer Fish,0.281,26.42,1.882,0.465,Puducherry,370.94,579.56
2025-01-30,Tamil Nadu,13.2151,78.1904,Sardine,0.579,27.16,1.588,0.233,Tuticorin,52.95,79.38
2025-01-31,Tamil Nadu,11.9268,80.161,Shrimp,0.362,27.99,2.086,0.753,Tuticorin,482.69,796.21
2025-02-01,Tamil Nadu,8.0553,76.8768,Sardine,0.766,28.41,1.189,0.346,Chennai,45.98,68.22
2025-02-02,Tamil Nadu,9.1973,80.3471,Shrimp,0.557,27.43,1.566,0.524,Chennai,405.32,647.02
2025-02-03,Tamil Nadu,10.6095,76.0449,Pomfret,0.489,26.72,1.579,0.05,Tuticorin,470.79,563.08
2025-02-04,Tamil Nadu,12.3057,79.8048,Tuna,0.577,26.55,1.22,0.644,Tuticorin,281.76,419.78
2025-02-05,Tamil Nadu,11.4502,78.1226,Shrimp,0.614,27.4,1.623,0.557,Nagapattinam,381.76,714.68
2025-02-06,Tamil Nadu,9.2124,80.1638,Tuna,0.726,28.27,1.33,1.183,Nagapattinam,331.61,399.28
2025-02-07,Tamil Nadu,9.8502,78.3356,Indian Mackerel,0.834,27.87,0.865,0.15,Puducherry,102.51,119.52
2025-02-08,Tamil Nadu,10.6604,77.3257,Tuna,0.604,28.38,1.589,0.349,Chennai,252.57,436.36
2025-02-09,Tamil Nadu,11.2651,78.7354,Sardine,0.622,27.06,1.302,0.911,Chennai,53.12,66.82
2025-02-10,Tamil Nadu,12.1113,78.4739,Indian Mackerel,0.864,28.06,1.021,0.44,Puducherry,107.77,125.09
2025-02-11,Tamil Nadu,11.6416,80.1067,Seer Fish,0.748,28.12,0.951,0.259,Chennai,300.22,468.73
2025-02-12,Tamil Nadu,9.9594,76.7975,Tuna,0.805,28.71,1.065,0.246,Nagapattinam,223.35,423.45
2025-02-13,Tamil Nadu,12.9605,78.0086,Shrimp,0.495,26.83,1.692,0.532,Nagapattinam,421.06,850.11
2025-02-14,Tamil Nadu,12.9478,79.5187,Tuna,0.664,27.52,1.524,0.247,Chennai,268.61,358.1
2025-02-15,Tamil Nadu,9.6814,78.3603,Seer Fish,0.371,30.15,0.771,0.371,Puducherry,262.44,485.49
2025-02-16,Tamil Nadu,12.0881,77.9715,Pomfret,0.822,28.41,0.852,1.164,Puducherry,414.1,702.42
2025-02-17,Tamil Nadu,9.4073,77.8318,Sardine,0.64,28.7,1.462,0.792,Tuticorin,49.95,65.26
2025-02-18,Tamil Nadu,11.9841,76.853,Indian Mackerel,0.638,27.93,1.526,0.336,Nagapattinam,95.64,114.49
2025-02-19,Tamil Nadu,8.3607,79.2824,Indian Mackerel,0.291,27.1,2.009,0.876,Tuticorin,89.17,112.19
2025-02-20,Tamil Nadu,13.1295,77.7755,Indian Mackerel,0.863,28.02,0.852,0.318,Puducherry,104.92,127.14
2025-02-21,Tamil Nadu,11.3411,78.3542,Seer Fish,0.242,29.21,2.235,0.14,Tuticorin,253.09,515.48
2025-02-22,Tamil Nadu,10.9126,77.804,Sardine,0.494,28.77,0.368,0.703,Nagapattinam,45.68,69.65
2025-02-23,Tamil Nadu,11.9577,77.6149,Shrimp,0.66,27.95,1.564,0.972,Puducherry,412.48,736.76
2025-02-24,Tamil Nadu,12.6819,79.5932,Pomfret,0.362,29.81,1.425,0.729,Puducherry,332.61,553.14
2025-02-25,Tamil Nadu,8.8468,79.1741,Shrimp,0.649,29.09,1.288,0.593,Chennai,513.92,649.65
2025-02-26,Tamil Nadu,9.8555,76.4037,Indian Mackerel,0.552,28.41,1.66,0.159,Chennai,96.89,138.31
2025-02-27,Tamil Nadu,8.0211,77.0716,Sardine,0.803,28.78,0.979,0.673,Tuticorin,49.54,79.89
2025-02-28,Tamil Nadu,11.7354,76.3333,Tuna,0.809,27.4,0.921,0.05,Tuticorin,240.03,445.73
2025-03-01,Tamil Nadu,8.9657,76.799,Sardine,0.818,28.01,1.001,0.346,Chennai,50.88,71.2
2025-03-02,Tamil Nadu,10.8606,78.7483,Sardine,0.625,28.65,0.462,0.875,Nagapattinam,54.74,69.07
2025-03-03,Tamil Nadu,13.441,76.2464,Sardine,0.39,29.66,0.347,0.05,Puducherry,57.49,78.77
2025-03-04,Tamil Nadu,12.428,79.8276,Sardine,0.808,27.41,0.827,0.168,Puducherry,59.23,66.26
2025-03-05,Tamil Nadu,8.5392,78.3707,Shrimp,0.218,29.95,1.664,0.672,Puducherry,569.92,828.36
2025-03-06,Tamil Nadu,10.3448,77.5017,Tuna,0.808,28.79,1.032,0.512,Chennai,247.09,442.24
2025-03-07,Tamil Nadu,12.7273,79.194,Pomfret,0.694,29.01,1.208,0.343,Nagapattinam,331.11,790.55
2025-03-08,Tamil Nadu,9.5946,79.8382,Shrimp,0.614,29.05,1.125,0.115,Nagapattinam,520.26,668.83
2025-03-09,Tamil Nadu,13.3241,80.1164,Indian Mackerel,0.461,29.42,1.545,0.05,Tuticorin,92.49,123.47
2025-03-10,Tamil Nadu,11.2946,76.3228,Sardine,0.803,27.38,0.727,0.761,Nagapattinam,46.54,72.56
2025-03-11,Tamil Nadu,9.5135,80.0931,Sardine,0.697,29.1,1.068,0.33,Puducherry,46.07,67.86
2025-03-12,Tamil Nadu,8.9881,78.6013,Pomfret,0.735,28.46,0.558,0.241,Nagapattinam,513.98,658.67
2025-03-13,Tamil Nadu,9.0606,76.86,Sardine,0.529,29.43,0.892,0.31,Tuticorin,57.09,60.1
2025-03-14,Tamil Nadu,13.1516,76.4783,Indian Mackerel,0.685,28.86,0.724,0.778,Nagapattinam,105.05,132.68
2025-03-15,Tamil Nadu,10.6587,76.5024,Sardine,0.43,28.95,1.764,1.101,Puducherry,40.76,72.87
2025-03-16,Tamil Nadu,9.4438,76.2356,Indian Mackerel,0.553,29.47,0.944,0.737,Puducherry,109.34,116.02
2025-03-17,Tamil Nadu,9.1845,77.3134,Tuna,0.407,29.43,1.662,0.221,Nagapattinam,327.46,340.57
2025-03-18,Tamil Nadu,9.1565,78.5465,Pomfret,0.254,30.31,1.455,0.058,Puducherry,459.53,630.14
2025-03-19,Tamil Nadu,8.5144,77.922,Tuna,0.71,28.86,0.942,0.528,Nagapattinam,277.26,370.65
2025-03-20,Tamil Nadu,12.4658,79.9022,Shrimp,0.559,29.38,1.058,0.636,Tuticorin,355.53,832.0
2025-03-21,Tamil Nadu,10.6058,78.0105,Tuna,0.576,29.63,1.167,0.171,Chennai,300.8,444.94
2025-03-22,Tamil Nadu,10.9224,77.7987,Tuna,0.356,30.16,0.916,0.219,Nagapattinam,289.19,341.98
2025-03-23,Tamil Nadu,10.2734,78.4598,Tuna,0.725,28.67,0.758,0.23,Tuticorin,242.32,396.71
2025-03-24,Tamil Nadu,13.1415,79.7573,Sardine,0.469,29.7,1.169,0.798,Chennai,44.81,64.8
2025-03-25,Tamil Nadu,8.4586,80.1783,Sardine,0.569,28.23,0.295,0.763,Chennai,40.78,63.74
2025-03-26,Tamil Nadu,12.5719,79.4505,Indian Mackerel,0.828,27.87,0.736,0.156,Chennai,104.18,118.39
2025-03-27,Tamil Nadu,9.0534,78.2692,Shrimp,0.526,29.51,0.86,0.742,Chennai,516.05,760.67
2025-03-28,Tamil Nadu,8.2204,80.4294,Indian Mackerel,0.72,28.56,1.512,0.286,Tuticorin,105.08,117.95
2025-03-29,Tamil Nadu,10.4675,78.4196,Pomfret,0.503,29.41,0.581,0.385,Nagapattinam,533.16,645.76
2025-03-30,Tamil Nadu,12.0124,76.0915,Indian Mackerel,0.729,28.89,0.762,0.342,Tuticorin,94.51,124.71
2025-03-31,Tamil Nadu,8.6586,79.612,Seer Fish,0.534,27.51,1.694,0.401,Tuticorin,368.49,561.24
2025-04-01,Tamil Nadu,8.7206,78.7043,Tuna,0.881,28.02,0.958,0.512,Puducherry,269.73,406.66
2025-04-02,Tamil Nadu,8.4094,78.2666,Indian Mackerel,0.391,29.14,1.61,0.201,Nagapattinam,99.44,110.55
2025-04-03,Tamil Nadu,11.597,78.7836,Sardine,0.537,29.16,1.401,0.398,Tuticorin,46.4,76.77
2025-04-04,Tamil Nadu,11.5983,77.2394,Seer Fish,0.594,29.08,1.384,0.444,Nagapattinam,366.22,517.41
2025-04-05,Tamil Nadu,13.3319,79.258,Shrimp,0.53,28.88,1.507,0.523,Puducherry,435.54,714.9
2025-04-06,Tamil Nadu,8.0594,79.1546,Shrimp,0.695,29.06,0.781,0.431,Nagapattinam,560.55,644.19
2025-04-07,Tamil Nadu,10.6329,76.7756,Sardine,0.622,28.77,0.488,0.218,Puducherry,40.1,78.36
2025-04-08,Tamil Nadu,9.086,80.4285,Indian Mackerel,0.631,29.23,1.012,0.561,Tuticorin,98.78,136.74
2025-04-09,Tamil Nadu,10.7811,76.3471,Pomfret,0.662,28.13,1.49,0.749,Tuticorin,505.69,679.58
2025-04-10,Tamil Nadu,10.5399,77.415,Shrimp,0.753,28.81,1.252,0.5,Tuticorin,545.56,639.29
2025-04-11,Tamil Nadu,12.7286,78.0621,Pomfret,0.65,29.31,1.092,0.346,Chennai,487.43,574.2
2025-04-12,Tamil Nadu,10.6183,80.4626,Sardine,0.565,28.96,0.609,0.354,Chennai,46.3,69.71
2025-04-13,Tamil Nadu,10.629,78.1211,Sardine,0.521,28.98,0.245,0.854,Chennai,55.15,75.15
2025-04-14,Tamil Nadu,12.4537,79.9898,Pomfret,0.634,29.19,1.001,0.215,Nagapattinam,320.68,778.77
2025-04-15,Tamil Nadu,9.6134,78.2081,Tuna,0.455,29.81,1.001,0.12,Puducherry,228.19,433.24
2025-04-16,Tamil Nadu,12.299,76.4658,Shrimp,0.616,29.12,1.256,0.337,Chennai,616.19,695.18
2025-04-17,Tamil Nadu,12.7216,78.4588,Indian Mackerel,0.617,28.83,1.445,0.492,Puducherry,88.54,136.63
2025-04-18,Tamil Nadu,10.0232,76.6427,Seer Fish,0.504,29.15,1.541,0.884,Puducherry,253.93,529.98
2025-04-19,Tamil Nadu,11.8248,79.7146,Seer Fish,0.487,29.48,1.359,0.618,Chennai,327.04,570.81
2025-04-20,Tamil Nadu,13.1117,78.8279,Tuna,0.769,28.42,1.229,0.05,Nagapattinam,313.96,382.01
2025-04-21,Tamil Nadu,9.7973,79.3519,Shrimp,0.739,28.53,0.714,0.05,Chennai,384.69,658.9
2025-04-22,Tamil Nadu,8.811,76.1338,Sardine,0.636,28.56,1.486,0.564,Tuticorin,53.18,61.01
2025-04-23,Tamil Nadu,8.5751,79.9645,Shrimp,0.669,28.82,0.614,0.05,Tuticorin,502.58,718.78
2025-04-24,Tamil Nadu,13.2903,78.4633,Indian Mackerel,0.814,27.92,1.189,0.05,Nagapattinam,104.05,128.91
2025-04-25,Tamil Nadu,9.6111,77.6809,Indian Mackerel,0.657,28.41,1.541,0.509,Puducherry,87.92,110.16
2025-04-26,Tamil Nadu,11.6768,80.3768,Seer Fish,0.822,28.5,0.898,0.391,Nagapattinam,334.41,548.0
2025-04-27,Tamil Nadu,8.3741,76.8721,Sardine,0.651,27.9,1.49,0.55,Puducherry,57.23,78.84
2025-04-28,Tamil Nadu,10.8517,77.5854,Sardine,0.762,28.73,0.737,0.359,Chennai,50.25,65.36
2025-04-29,Tamil Nadu,10.5022,78.1185,Tuna,0.41,28.9,1.791,0.567,Chennai,328.76,357.67
2025-04-30,Tamil Nadu,12.8145,79.1702,Indian Mackerel,0.43,27.87,1.842,0.687,Chennai,94.8,127.37
2025-01-01,Karnataka,12.313,76.2523,Sardine,0.134,24.68,1.272,0.05,Mangalore,41.57,70.55
2025-01-02,Karnataka,13.232,75.472,Indian Mackerel,0.236,26.07,2.0,0.666,Karwar,100.62,119.76
2025-01-03,Karnataka,11.9074,76.4397,Indian Mackerel,0.771,27.01,0.844,0.915,Mangalore,81.85,114.87
2025-01-04,Karnataka,15.3486,75.7151,Indian Mackerel,0.522,26.81,0.613,0.468,Karwar,90.91,116.5
2025-01-05,Karnataka,14.3793,76.4267,Indian Mackerel,0.138,25.19,1.946,0.05,Mangalore,89.15,130.64
2025-01-06,Karnataka,15.215,74.7472,Indian Mackerel,0.494,26.43,1.012,0.684,Karwar,99.59,114.45
2025-01-07,Karnataka,13.8835,75.3179,Pomfret,0.702,27.07,0.697,0.128,Udupi,345.85,657.92
2025-01-08,Karnataka,15.0155,76.1074,Tuna,0.364,25.9,0.921,0.304,Karwar,309.16,386.83
2025-01-09,Karnataka,14.7405,76.3891,Tuna,0.516,26.74,1.447,0.605,Udupi,281.69,385.27
2025-01-10,Karnataka,12.6519,75.51,Indian Mackerel,0.529,26.27,0.986,0.604,Udupi,91.05,121.2
2025-01-11,Karnataka,13.1492,76.0916,Tuna,0.256,25.41,1.633,0.511,Karwar,300.37,433.19
2025-01-12,Karnataka,12.1027,75.3605,Shrimp,0.182,25.17,0.93,0.445,Udupi,547.02,693.65
2025-01-13,Karnataka,15.2742,76.0329,Tuna,0.509,26.92,1.518,0.34,Mangalore,228.35,432.79
2025-01-14,Karnataka,12.4153,75.6719,Pomfret,0.649,27.0,1.203,0.764,Karwar,536.59,653.75
2025-01-15,Karnataka,12.9059,75.5167,Indian Mackerel,0.499,26.32,0.945,0.669,Karwar,98.28,134.62
2025-01-16,Karnataka,12.7266,74.598,Sardine,0.413,26.3,1.633,0.772,Karwar,47.1,72.25
2025-01-17,Karnataka,14.0171,75.369,Shrimp,0.309,25.67,0.992,0.831,Karwar,487.55,856.12
2025-01-18,Karnataka,14.5156,75.9726,Pomfret,0.643,27.13,1.352,0.706,Udupi,447.73,797.3
2025-01-19,Karnataka,12.2174,74.1167,Pomfret,0.573,26.3,1.292,0.507,Mangalore,457.65,662.4
2025-01-20,Karnataka,12.3111,75.2697,Seer Fish,0.763,27.84,1.315,0.524,Udupi,376.11,512.55
2025-01-21,Karnataka,15.3446,76.2997,Indian Mackerel,0.528,27.49,0.339,0.634,Karwar,86.71,137.98
2025-01-22,Karnataka,13.5988,75.5761,Indian Mackerel,0.313,26.36,1.849,1.097,Karwar,104.74,128.25
2025-01-23,Karnataka,13.4107,76.36,Shrimp,0.757,27.49,1.323,0.201,Mangalore,435.95,876.47
2025-01-24,Karnataka,15.1147,76.1191,Seer Fish,0.511,27.45,1.702,0.692,Karwar,332.75,431.84
2025-01-25,Karnataka,14.2457,74.1265,Shrimp,0.698,27.16,1.379,0.56,Mangalore,550.62,720.5
2025-01-26,Karnataka,14.4285,74.9322,Indian Mackerel,0.898,27.89,1.146,0.477,Mangalore,95.82,136.59
2025-01-27,Karnataka,15.1029,76.207,Seer Fish,0.778,27.96,1.255,0.143,Karwar,370.6,515.05
2025-01-28,Karnataka,12.3607,74.799,Sardine,0.62,27.46,1.579,0.653,Mangalore,53.39,69.54
2025-01-29,Karnataka,14.2618,74.0959,Shrimp,0.568,26.65,0.739,0.473,Mangalore,540.52,864.52
2025-01-30,Karnataka,12.972,75.9244,Shrimp,0.755,27.44,1.332,0.512,Mangalore,370.23,639.69
2025-01-31,Karnataka,15.5315,75.3247,Tuna,0.705,28.63,1.352,0.05,Udupi,255.85,370.22
2025-02-01,Karnataka,15.1027,74.1809,Indian Mackerel,0.6,26.82,1.289,0.861,Mangalore,88.32,139.9
2025-02-02,Karnataka,14.7284,75.6118,Seer Fish,0.696,28.26,1.458,0.394,Mangalore,255.85,489.18
2025-02-03,Karnataka,12.5194,75.1182,Shrimp,0.8,27.92,0.879,0.612,Udupi,502.37,880.98
2025-02-04,Karnataka,11.523,75.8706,Shrimp,0.732,28.84,0.945,0.914,Karwar,388.81,625.22
2025-02-05,Karnataka,14.9836,74.2189,Seer Fish,0.296,28.2,2.303,0.67,Mangalore,273.36,566.03
2025-02-06,Karnataka,15.7559,74.9435,Sardine,0.791,28.12,0.909,0.812,Mangalore,48.92,76.31
2025-02-07,Karnataka,15.3241,75.2985,Sardine,0.525,27.19,1.553,0.639,Mangalore,47.83,74.27
2025-02-08,Karnataka,14.3355,75.5618,Seer Fish,0.828,27.25,1.099,0.51,Mangalore,400.14,477.25
2025-02-09,Karnataka,15.4721,74.5745,Sardine,0.824,28.63,0.972,0.513,Karwar,52.65,65.77
2025-02-10,Karnataka,14.2454,74.717,Seer Fish,0.777,28.66,1.078,1.108,Udupi,346.06,463.38
2025-02-11,Karnataka,13.3442,75.6307,Pomfret,0.86,27.64,1.054,0.629,Udupi,365.87,559.46
2025-02-12,Karnataka,12.0291,76.4659,Shrimp,0.663,27.28,0.588,0.866,Karwar,411.35,640.54
2025-02-13,Karnataka,11.9446,75.0788,Shrimp,0.424,29.28,1.7,0.329,Udupi,447.47,729.82
2025-02-14,Karnataka,13.271,75.8189,Shrimp,0.706,27.88,0.68,0.057,Karwar,573.74,634.84
2025-02-15,Karnataka,13.7714,75.6547,Tuna,0.485,29.21,1.551,0.789,Karwar,247.21,418.95
2025-02-16,Karnataka,12.0665,75.7006,Shrimp,0.646,28.92,1.355,0.188,Mangalore,433.39,816.95
2025-02-17,Karnataka,14.8981,74.7394,Tuna,0.756,28.32,0.772,1.018,Udupi,242.62,341.36
2025-02-18,Karnataka,12.352,74.023,Pomfret,0.592,27.02,0.673,0.415,Udupi,374.44,699.93
2025-02-19,Karnataka,14.8389,75.8729,Tuna,0.649,28.92,1.316,0.488,Karwar,294.43,340.15
2025-02-20,Karnataka,11.7324,75.1431,Indian Mackerel,0.306,30.23,1.419,1.026,Udupi,91.82,119.5
2025-02-21,Karnataka,13.2207,74.3762,Indian Mackerel,0.912,28.06,1.126,0.454,Udupi,101.18,124.71
2025-02-22,Karnataka,12.6081,76.2123,Sardine,0.735,29.1,0.929,0.46,Mangalore,59.84,62.61
2025-02-23,Karnataka,14.9231,74.9869,Tuna,0.47,29.21,1.55,1.049,Mangalore,248.15,413.27
2025-02-24,Karnataka,12.0214,74.2844,Pomfret,0.766,28.3,0.821,0.157,Udupi,513.34,765.87
2025-02-25,Karnataka,14.8218,74.4221,Seer Fish,0.565,27.8,1.67,0.205,Mangalore,352.42,487.88
2025-02-26,Karnataka,13.544,74.9088,Sardine,0.745,27.65,1.437,0.688,Karwar,59.0,61.27
2025-02-27,Karnataka,14.093,74.1428,Tuna,0.702,29.05,0.89,0.05,Udupi,273.87,403.81
2025-02-28,Karnataka,11.6332,74.6872,Seer Fish,0.662,28.97,1.262,0.442,Mangalore,278.29,583.52
2025-03-01,Karnataka,13.7199,74.3844,Indian Mackerel,0.781,28.35,1.179,0.749,Mangalore,86.33,130.65
2025-03-02,Karnataka,12.4448,75.0967,Sardine,0.588,29.22,1.008,0.803,Udupi,53.1,64.57
2025-03-03,Karnataka,12.6783,74.7871,Indian Mackerel,0.651,28.68,1.362,0.236,Karwar,83.13,131.61
2025-03-04,Karnataka,14.4553,74.2394,Sardine,0.771,28.48,0.852,0.582,Karwar,56.79,68.96
2025-03-05,Karnataka,14.2378,74.5531,Seer Fish,0.836,27.52,0.881,0.311,Mangalore,286.08,468.72
2025-03-06,Karnataka,12.9468,75.4729,Indian Mackerel,0.764,28.33,0.635,0.345,Udupi,104.18,120.6
2025-03-07,Karnataka,14.2615,74.6141,Shrimp,0.7,28.19,1.551,0.544,Udupi,619.43,698.78
2025-03-08,Karnataka,11.6762,75.7627,Pomfret,0.46,29.26,1.447,0.435,Udupi,409.76,578.2
2025-03-09,Karnataka,14.5353,76.2791,Shrimp,0.506,28.3,1.694,0.649,Karwar,501.75,798.74
2025-03-10,Karnataka,12.6056,76.3716,Tuna,0.687,28.4,1.426,0.344,Mangalore,304.26,413.88
2025-03-11,Karnataka,15.0831,74.6249,Sardine,0.346,28.96,1.893,0.871,Karwar,42.11,73.66
2025-03-12,Karnataka,14.3411,76.3765,Seer Fish,0.549,28.68,1.639,0.607,Udupi,306.03,584.85
2025-03-13,Karnataka,13.2597,75.8706,Indian Mackerel,0.657,29.34,0.957,0.322,Udupi,104.04,128.13
2025-03-14,Karnataka,12.3537,75.2371,Sardine,0.322,29.87,1.605,0.588,Karwar,53.27,68.16
2025-03-15,Karnataka,12.706,75.8278,Pomfret,0.455,29.1,1.676,0.488,Karwar,331.73,783.4
2025-03-16,Karnataka,15.2296,74.584,Indian Mackerel,0.202,30.1,1.972,0.939,Karwar,81.91,121.89
2025-03-17,Karnataka,15.6444,75.3475,Sardine,0.558,28.73,1.599,0.364,Karwar,59.02,60.44
2025-03-18,Karnataka,12.806,76.3027,Indian Mackerel,0.542,29.43,0.741,0.526,Udupi,85.44,131.36
2025-03-19,Karnataka,13.1553,75.0057,Tuna,0.39,28.47,0.153,0.056,Udupi,312.66,347.44
2025-03-20,Karnataka,15.7428,75.5484,Pomfret,0.391,28.88,1.766,0.787,Karwar,545.6,599.51
2025-03-21,Karnataka,12.0767,74.141,Indian Mackerel,0.756,27.92,1.246,0.128,Udupi,106.2,121.85
2025-03-22,Karnataka,12.9405,74.5182,Indian Mackerel,0.486,29.82,0.911,1.018,Udupi,100.51,110.09
2025-03-23,Karnataka,15.5029,74.2773,Sardine,0.646,28.11,1.524,0.245,Udupi,55.22,60.32
2025-03-24,Karnataka,13.8986,74.9487,Pomfret,0.621,29.18,0.935,0.35,Udupi,387.47,687.83
2025-03-25,Karnataka,13.046,74.3145,Seer Fish,0.478,29.17,0.418,0.283,Mangalore,372.98,563.72
2025-03-26,Karnataka,14.2052,74.3816,Indian Mackerel,0.497,29.81,0.692,0.396,Udupi,100.08,116.48
2025-03-27,Karnataka,14.0407,76.283,Pomfret,0.528,29.4,1.431,0.23,Mangalore,549.02,575.84
2025-03-28,Karnataka,12.2768,74.3251,Shrimp,0.543,28.13,1.77,0.965,Karwar,574.26,761.06
2025-03-29,Karnataka,12.0752,76.2143,Pomfret,0.311,29.04,1.88,0.05,Mangalore,344.82,606.44
2025-03-30,Karnataka,11.6081,75.8073,Seer Fish,0.434,29.78,1.313,0.398,Mangalore,407.07,503.25
2025-03-31,Karnataka,13.3789,75.9613,Shrimp,0.45,29.88,1.231,0.207,Mangalore,566.78,696.23
2025-04-01,Karnataka,14.5473,74.5371,Pomfret,0.41,30.02,1.39,0.65,Udupi,367.67,557.29
2025-04-02,Karnataka,14.1019,74.9894,Tuna,0.579,29.27,1.433,0.495,Udupi,241.23,374.23
2025-04-03,Karnataka,13.8372,75.7792,Shrimp,0.678,28.9,1.249,0.999,Karwar,467.88,659.85
2025-04-04,Karnataka,13.9351,74.996,Pomfret,0.57,28.98,1.483,0.943,Udupi,340.91,581.23
2025-04-05,Karnataka,11.6147,74.0311,Indian Mackerel,0.451,29.51,1.437,0.489,Mangalore,104.9,111.48
2025-04-06,Karnataka,15.1655,75.371,Pomfret,0.606,28.67,1.606,0.478,Udupi,339.63,753.17
2025-04-07,Karnataka,12.0702,74.5835,Seer Fish,0.325,30.01,1.561,0.574,Mangalore,358.21,444.79
2025-04-08,Karnataka,12.1722,75.0926,Seer Fish,0.212,29.55,2.116,0.05,Udupi,289.7,525.71
2025-04-09,Karnataka,13.3208,75.2873,Shrimp,0.814,28.5,1.255,0.57,Karwar,618.27,716.64
2025-04-10,Karnataka,14.0587,74.2255,Shrimp,0.498,29.62,1.475,0.717,Udupi,425.75,846.98
2025-04-11,Karnataka,13.0781,74.7925,Shrimp,0.581,28.68,1.597,0.58,Mangalore,416.41,765.17
2025-04-12,Karnataka,13.1338,75.1212,Tuna,0.598,28.72,1.485,0.654,Mangalore,274.41,407.5
2025-04-13,Karnataka,15.4039,75.0477,Sardine,0.801,28.45,1.059,0.417,Udupi,40.93,65.32
2025-04-14,Karnataka,13.638,75.0498,Shrimp,0.83,28.66,1.183,0.17,Karwar,555.51,639.59
2025-04-15,Karnataka,13.8346,74.6502,Pomfret,0.351,29.36,1.924,0.698,Mangalore,473.71,660.39
2025-04-16,Karnataka,15.5634,74.354,Indian Mackerel,0.603,29.23,1.042,0.696,Mangalore,107.04,118.11
2025-04-17,Karnataka,14.9552,76.489,Seer Fish,0.777,28.69,0.947,0.626,Udupi,288.52,474.34
2025-04-18,Karnataka,13.4075,74.4278,Tuna,0.793,28.54,1.299,0.895,Udupi,265.07,391.35
2025-04-19,Karnataka,11.9748,75.0488,Pomfret,0.406,29.53,1.511,0.509,Karwar,533.56,571.61
2025-04-20,Karnataka,14.9367,76.2465,Shrimp,0.72,27.99,1.284,0.281,Udupi,517.4,879.92
2025-04-21,Karnataka,14.36,75.7271,Seer Fish,0.638,28.68,1.387,0.656,Udupi,370.41,480.88
2025-04-22,Karnataka,12.5845,76.3898,Sardine,0.712,28.27,0.674,0.488,Udupi,43.14,68.53
2025-04-23,Karnataka,13.8109,74.0563,Indian Mackerel,0.62,27.16,1.46,0.604,Udupi,80.54,126.71
2025-04-24,Karnataka,14.8856,75.3533,Pomfret,0.568,29.53,1.168,1.023,Karwar,514.83,698.71
2025-04-25,Karnataka,12.9419,76.0396,Seer Fish,0.851,28.37,1.125,0.05,Udupi,294.97,541.23
2025-04-26,Karnataka,13.3034,76.4135,Indian Mackerel,0.558,28.72,1.614,0.747,Mangalore,89.44,116.06
2025-04-27,Karnataka,15.5964,75.11,Seer Fish,0.849,28.03,0.831,0.214,Mangalore,301.44,462.77
2025-04-28,Karnataka,12.1821,74.7817,Pomfret,0.688,28.57,0.598,0.821,Mangalore,499.39,684.48
2025-04-29,Karnataka,12.8316,74.3626,Seer Fish,0.686,29.26,1.122,0.589,Mangalore,261.6,489.19
2025-04-30,Karnataka,13.2317,74.0034,Shrimp,0.534,29.17,1.37,0.45,Karwar,539.05,693.71
2025-01-01,Goa,15.4122,74.3897,Shrimp,0.622,27.2,0.47,0.435,Mormugao,613.54,651.87
2025-01-02,Goa,14.912,73.745,Indian Mackerel,0.362,26.24,1.657,0.632,Vasco,105.87,118.5
2025-01-03,Goa,15.4494,74.2068,Seer Fish,0.357,26.18,1.582,0.692,Vasco,356.14,530.75
2025-01-04,Goa,15.5617,73.9825,Shrimp,0.397,27.63,1.935,0.05,Mormugao,375.06,822.62
2025-01-05,Goa,15.071,73.7773,Tuna,0.366,26.21,1.429,0.455,Mormugao,281.77,358.41
2025-01-06,Goa,15.0246,74.3924,Tuna,0.5,26.59,0.789,0.52,Vasco,244.63,341.91
2025-01-07,Goa,15.1604,73.7293,Pomfret,0.38,26.09,0.77,0.981,Vasco,378.91,571.73
2025-01-08,Goa,15.0784,73.7693,Pomfret,0.159,25.58,0.266,0.875,Mormugao,359.31,615.66
2025-01-09,Goa,15.3035,74.2696,Seer Fish,0.594,26.52,1.083,0.315,Mormugao,395.76,554.98
2025-01-10,Goa,15.5772,73.6575,Pomfret,0.62,26.95,1.34,0.05,Vasco,475.19,731.67
2025-01-11,Goa,15.6541,74.349,Tuna,0.266,25.57,1.018,0.096,Vasco,237.59,427.74
2025-01-12,Goa,15.3082,74.4797,Indian Mackerel,0.589,26.53,1.284,1.008,Vasco,88.46,117.0
2025-01-13,Goa,15.4873,73.6277,Indian Mackerel,0.286,25.74,1.38,0.288,Vasco,90.84,116.4
2025-01-14,Goa,15.208,74.2656,Seer Fish,0.587,26.39,1.197,0.583,Vasco,293.56,528.32
2025-01-15,Goa,14.9561,73.6237,Shrimp,0.345,25.9,1.057,0.242,Mormugao,360.19,772.19
2025-01-16,Goa,15.4638,73.9052,Shrimp,0.747,27.28,0.91,0.23,Mormugao,437.87,669.98
2025-01-17,Goa,15.2487,74.007,Shrimp,0.585,26.74,1.144,0.403,Mormugao,365.89,663.68
2025-01-18,Goa,15.4733,73.9936,Sardine,0.109,24.28,1.23,0.64,Mormugao,45.17,69.62
2025-01-19,Goa,15.6936,74.218,Pomfret,0.797,27.93,1.016,0.371,Vasco,309.13,705.07
2025-01-20,Goa,15.1354,73.6778,Pomfret,0.411,26.67,0.432,0.691,Mormugao,331.8,568.09
2025-01-21,Goa,15.6028,73.8717,Tuna,0.565,27.49,0.283,0.584,Vasco,267.23,417.85
2025-01-22,Goa,15.3092,74.4492,Shrimp,0.751,27.6,1.262,0.529,Mormugao,503.95,627.3
2025-01-23,Goa,14.9661,73.7136,Shrimp,0.652,27.25,1.415,0.326,Vasco,494.53,761.58
2025-01-24,Goa,15.0153,74.4282,Seer Fish,0.658,26.95,1.047,0.535,Vasco,329.49,466.78
2025-01-25,Goa,15.5685,74.3055,Pomfret,0.673,28.3,0.419,0.105,Vasco,479.09,606.06
2025-01-26,Goa,14.9787,74.4251,Sardine,0.422,26.46,0.605,0.623,Mormugao,58.77,78.28
2025-01-27,Goa,15.3371,73.9206,Seer Fish,0.736,27.22,0.93,0.133,Mormugao,395.56,596.58
2025-01-28,Goa,15.2951,73.6087,Indian Mackerel,0.672,26.88,1.202,0.513,Mormugao,90.95,137.38
2025-01-29,Goa,15.5244,74.2799,Tuna,0.818,28.15,1.237,0.292,Mormugao,333.44,419.21
2025-01-30,Goa,15.5216,74.3852,Sardine,0.712,28.48,1.464,0.634,Vasco,43.15,71.89
2025-01-31,Goa,15.3749,73.7478,Seer Fish,0.717,27.44,1.301,0.317,Vasco,286.06,450.82
2025-02-01,Goa,15.5376,73.6566,Indian Mackerel,0.562,27.25,0.429,0.801,Mormugao,104.3,117.98
2025-02-02,Goa,15.0721,74.3428,Shrimp,0.708,27.89,0.591,0.739,Mormugao,559.52,837.71
2025-02-03,Goa,15.6001,73.6239,Seer Fish,0.629,27.84,1.623,0.365,Vasco,361.71,539.55
2025-02-04,Goa,15.6633,74.2976,Indian Mackerel,0.652,28.73,1.439,0.287,Vasco,100.35,128.23
2025-02-05,Goa,15.2152,73.8388,Indian Mackerel,0.488,26.35,1.445,0.763,Mormugao,87.87,132.79
2025-02-06,Goa,15.5189,74.0101,Pomfret,0.45,27.09,1.792,0.05,Vasco,469.95,689.68
2025-02-07,Goa,15.4,73.6869,Shrimp,0.716,27.82,1.546,0.357,Mormugao,503.78,771.34
2025-02-08,Goa,15.2218,73.7454,Shrimp,0.501,26.66,1.448,0.29,Vasco,601.48,649.78
2025-02-09,Goa,15.5164,74.1551,Seer Fish,0.829,27.94,1.081,0.69,Vasco,343.37,442.72
2025-02-10,Goa,15.5981,74.0569,Seer Fish,0.7,27.27,1.073,0.611,Vasco,329.5,550.92
2025-02-11,Goa,14.986,74.3615,Shrimp,0.737,27.8,0.766,0.05,Vasco,358.26,734.24
2025-02-12,Goa,15.3571,74.4578,Sardine,0.734,27.84,1.385,0.656,Vasco,44.4,64.02
2025-02-13,Goa,15.638,74.3674,Pomfret,0.721,27.49,1.424,0.334,Mormugao,307.62,582.95
2025-02-14,Goa,15.6093,74.2765,Shrimp,0.862,28.27,0.9,0.654,Mormugao,559.9,823.72
2025-02-15,Goa,15.0636,73.9042,Shrimp,0.698,28.92,0.89,0.244,Vasco,584.85,845.68
2025-02-16,Goa,14.9331,73.941,Pomfret,0.914,28.12,0.887,0.537,Vasco,412.77,777.72
2025-02-17,Goa,15.5514,74.0677,Sardine,0.562,29.13,1.344,0.856,Mormugao,47.02,78.61
2025-02-18,Goa,15.5397,73.9895,Indian Mackerel,0.858,28.35,1.24,1.252,Vasco,81.25,128.72
2025-02-19,Goa,15.35,73.9619,Tuna,0.63,28.18,1.596,0.724,Vasco,322.7,417.71
2025-02-20,Goa,15.368,74.2203,Pomfret,0.728,28.44,0.545,0.832,Mormugao,494.15,688.06
2025-02-21,Goa,15.4288,73.8906,Shrimp,0.797,28.69,1.13,1.214,Mormugao,490.65,826.83
2025-02-22,Goa,15.2288,73.9196,Indian Mackerel,0.746,27.92,1.418,0.836,Mormugao,85.07,113.78
2025-02-23,Goa,15.6461,74.1445,Indian Mackerel,0.65,28.61,0.579,0.163,Vasco,104.61,135.62
2025-02-24,Goa,15.0378,73.8439,Shrimp,0.769,28.1,0.541,0.911,Vasco,413.76,844.43
2025-02-25,Goa,15.3505,73.6052,Indian Mackerel,0.807,28.11,1.03,0.662,Vasco,101.63,131.85
2025-02-26,Goa,14.9,74.4585,Indian Mackerel,0.543,28.38,1.708,0.857,Vasco,105.12,112.8
2025-02-27,Goa,15.491,74.4639,Tuna,0.608,26.65,1.268,0.51,Vasco,228.75,392.63
2025-02-28,Goa,15.4496,74.3127,Pomfret,0.719,28.75,0.575,0.876,Mormugao,434.22,777.7
2025-03-01,Goa,15.5772,73.7147,Seer Fish,0.531,26.91,1.485,0.759,Vasco,412.29,495.46
2025-03-02,Goa,15.6122,73.9456,Indian Mackerel,0.646,28.03,1.489,0.613,Mormugao,94.89,130.7
2025-03-03,Goa,15.1678,74.2259,Tuna,0.747,27.8,1.217,0.408,Vasco,271.78,357.93
2025-03-04,Goa,15.1461,73.6381,Pomfret,0.588,29.08,1.349,0.686,Mormugao,360.55,592.26
2025-03-05,Goa,15.5199,73.7167,Shrimp,0.402,30.04,1.229,0.845,Mormugao,566.24,780.81
2025-03-06,Goa,15.6659,73.8863,Sardine,0.619,28.83,0.421,0.165,Vasco,56.21,79.53
2025-03-07,Goa,15.4157,73.8501,Pomfret,0.793,28.59,0.891,0.526,Vasco,533.7,760.23
2025-03-08,Goa,15.4149,74.1484,Sardine,0.483,29.58,1.41,0.49,Vasco,51.3,78.97
2025-03-09,Goa,15.6218,74.3881,Seer Fish,0.756,28.14,1.235,0.255,Mormugao,380.91,449.32
2025-03-10,Goa,15.1019,74.2586,Indian Mackerel,0.795,27.71,0.932,0.892,Vasco,91.04,126.66
2025-03-11,Goa,14.9799,74.3245,Indian Mackerel,0.624,28.68,1.389,0.695,Mormugao,98.49,122.86
2025-03-12,Goa,15.0459,74.4481,Seer Fish,0.747,28.57,1.343,0.418,Vasco,384.01,502.21
2025-03-13,Goa,15.4732,73.9478,Shrimp,0.748,28.26,1.42,1.0,Vasco,535.35,773.91
2025-03-14,Goa,15.5747,74.2856,Sardine,0.585,29.26,0.62,0.394,Mormugao,57.13,62.25
2025-03-15,Goa,15.1782,74.3888,Indian Mackerel,0.524,29.59,0.783,1.284,Mormugao,105.63,130.6
2025-03-16,Goa,15.3161,74.3472,Seer Fish,0.754,28.76,1.229,0.32,Mormugao,351.74,561.64
2025-03-17,Goa,15.0534,73.6451,Shrimp,0.456,28.86,1.813,1.08,Vasco,590.99,706.94
2025-03-18,Goa,14.9095,73.8706,Indian Mackerel,0.767,28.54,1.251,0.55,Vasco,93.86,126.47
2025-03-19,Goa,15.6593,74.4988,Indian Mackerel,0.374,28.37,1.774,0.231,Mormugao,91.87,115.41
2025-03-20,Goa,15.5732,73.6099,Sardine,0.756,28.74,1.152,0.263,Mormugao,53.42,75.08
2025-03-21,Goa,14.9883,74.021,Shrimp,0.383,29.81,1.461,0.558,Vasco,604.2,776.0
2025-03-22,Goa,15.3664,73.9615,Seer Fish,0.236,29.63,2.023,0.474,Mormugao,283.05,547.7
2025-03-23,Goa,15.1325,73.8677,Shrimp,0.301,30.17,1.469,0.426,Mormugao,397.08,653.73
2025-03-24,Goa,15.09,73.9419,Pomfret,0.7,28.99,1.131,0.176,Mormugao,379.67,662.14
2025-03-25,Goa,15.401,73.7317,Tuna,0.812,28.55,1.118,0.793,Vasco,296.26,374.3
2025-03-26,Goa,15.447,73.6177,Indian Mackerel,0.519,27.75,0.315,0.764,Vasco,107.28,125.37
2025-03-27,Goa,15.1881,74.0185,Seer Fish,0.814,28.62,0.832,1.019,Vasco,404.04,473.99
2025-03-28,Goa,14.9848,73.701,Pomfret,0.434,29.85,1.384,0.575,Vasco,300.68,658.15
2025-03-29,Goa,15.3026,74.1739,Pomfret,0.679,28.91,1.051,0.648,Vasco,445.97,602.44
2025-03-30,Goa,14.9593,74.0183,Shrimp,0.63,29.02,1.35,0.303,Vasco,496.39,645.86
2025-03-31,Goa,15.4586,74.1614,Tuna,0.487,29.49,0.69,0.231,Mormugao,257.07,405.2
2025-04-01,Goa,15.6513,74.2046,Shrimp,0.504,28.6,0.329,0.9,Mormugao,606.69,724.86
2025-04-02,Goa,15.5758,73.9765,Tuna,0.295,30.14,1.599,0.293,Vasco,241.47,374.78
2025-04-03,Goa,15.1784,74.0222,Sardine,0.633,28.92,1.0,0.111,Mormugao,59.09,62.31
2025-04-04,Goa,15.657,74.26,Seer Fish,0.658,28.06,1.54,0.948,Mormugao,395.74,437.65
2025-04-05,Goa,15.4526,74.0806,Seer Fish,0.45,29.82,1.116,0.05,Vasco,267.92,435.76
2025-04-06,Goa,14.9411,73.9421,Seer Fish,0.693,28.44,1.396,0.302,Mormugao,298.0,520.83
2025-04-07,Goa,15.0156,73.7205,Sardine,0.824,28.49,1.148,0.05,Mormugao,55.82,70.2
2025-04-08,Goa,15.0023,74.2651,Indian Mackerel,0.752,28.43,1.39,0.513,Mormugao,85.13,111.32
2025-04-09,Goa,15.423,74.2965,Sardine,0.647,29.0,1.187,0.05,Vasco,42.09,79.65
2025-04-10,Goa,15.5882,74.2191,Seer Fish,0.842,27.82,0.971,0.752,Vasco,317.63,482.8
2025-04-11,Goa,15.3763,74.385,Tuna,0.47,29.3,1.546,0.652,Mormugao,242.88,442.68
2025-04-12,Goa,14.9148,73.994,Sardine,0.696,28.54,1.425,0.301,Vasco,47.53,73.45
2025-04-13,Goa,15.5259,74.0777,Shrimp,0.764,28.5,0.838,0.352,Mormugao,542.25,878.49
2025-04-14,Goa,15.1987,74.4119,Sardine,0.671,28.84,1.31,0.798,Vasco,40.79,66.11
2025-04-15,Goa,15.4957,73.6428,Tuna,0.62,27.63,1.745,0.655,Vasco,264.61,353.39
2025-04-16,Goa,15.2185,74.122,Pomfret,0.629,28.93,0.893,0.53,Vasco,318.67,778.61
2025-04-17,Goa,14.9165,74.4661,Sardine,0.79,28.21,0.776,0.831,Vasco,42.19,73.2
2025-04-18,Goa,15.1553,74.2905,Sardine,0.838,27.82,1.318,0.566,Mormugao,44.14,63.99
2025-04-19,Goa,15.3051,74.2047,Tuna,0.844,28.16,1.006,0.499,Mormugao,277.5,351.2
2025-04-20,Goa,15.0743,74.1829,Sardine,0.332,28.71,0.05,0.29,Mormugao,52.58,75.86
2025-04-21,Goa,15.0061,74.0668,Shrimp,0.752,28.35,0.998,0.697,Mormugao,401.2,659.56
2025-04-22,Goa,15.0107,74.2733,Pomfret,0.549,29.45,1.004,0.994,Vasco,304.59,627.94
2025-04-23,Goa,15.4103,73.6084,Pomfret,0.307,29.64,0.059,0.644,Mormugao,498.11,626.7
2025-04-24,Goa,14.9288,74.4395,Shrimp,0.61,27.85,1.699,0.615,Mormugao,424.11,691.75
2025-04-25,Goa,15.6933,73.7777,Indian Mackerel,0.445,29.39,1.708,0.254,Mormugao,99.02,132.83
2025-04-26,Goa,15.6888,73.7624,Sardine,0.616,28.36,1.516,0.669,Vasco,49.3,70.75
2025-04-27,Goa,15.6961,73.9592,Tuna,0.83,28.68,0.983,0.873,Mormugao,277.75,337.3
2025-04-28,Goa,15.1023,74.0657,Sardine,0.788,28.7,0.975,0.709,Mormugao,52.91,68.29
2025-04-29,Goa,15.6443,74.3064,Seer Fish,0.613,28.66,1.389,0.307,Vasco,379.29,534.41
2025-04-30,Goa,15.6891,74.0802,Pomfret,0.75,28.53,1.226,0.428,Vasco,474.2,699.01
2025-01-01,Maharashtra,17.6257,73.5932,Pomfret,0.569,26.92,1.553,0.477,Alibaug,423.5,747.91
2025-01-02,Maharashtra,17.6931,74.1099,Indian Mackerel,0.135,25.37,1.895,0.746,Alibaug,103.62,122.26
2025-01-03,Maharashtra,19.2227,74.5418,Pomfret,0.593,26.88,1.082,0.862,Ratnagiri,310.86,776.0
2025-01-04,Maharashtra,17.9213,74.7077,Seer Fish,0.288,26.11,1.651,0.534,Mumbai,277.04,495.06
2025-01-05,Maharashtra,17.2126,74.1787,Seer Fish,0.415,26.63,1.585,0.335,Ratnagiri,374.63,526.46
2025-01-06,Maharashtra,16.3562,73.2849,Indian Mackerel,0.825,27.25,1.034,0.653,Ratnagiri,96.88,138.93
2025-01-07,Maharashtra,16.5558,74.6424,Shrimp,0.457,26.39,1.261,0.326,Mumbai,405.1,897.4
2025-01-08,Maharashtra,19.1277,74.7448,Pomfret,0.596,26.57,0.985,0.781,Mumbai,485.68,653.58
2025-01-09,Maharashtra,17.6837,73.7338,Sardine,0.391,26.28,1.498,0.693,Ratnagiri,55.08,69.43
2025-01-10,Maharashtra,16.2593,73.2919,Pomfret,0.286,25.29,1.0,0.584,Mumbai,459.24,608.58
2025-01-11,Maharashtra,18.1473,74.4415,Indian Mackerel,0.411,26.06,1.069,1.101,Alibaug,104.72,130.31
2025-01-12,Maharashtra,16.4752,72.7392,Pomfret,0.392,25.82,1.115,0.481,Mumbai,428.11,718.18
2025-01-13,Maharashtra,17.3034,73.2539,Pomfret,0.274,25.3,0.964,0.758,Mumbai,358.51,697.02
2025-01-14,Maharashtra,18.111,73.9528,Sardine,0.391,27.11,1.801,0.335,Ratnagiri,41.33,79.52
2025-01-15,Maharashtra,19.8108,72.6813,Shrimp,0.345,26.64,1.687,0.05,Alibaug,524.42,722.32
2025-01-16,Maharashtra,18.2546,73.436,Indian Mackerel,0.441,26.88,1.624,0.142,Ratnagiri,82.39,127.5
2025-01-17,Maharashtra,19.7706,73.9552,Seer Fish,0.331,25.88,1.006,0.054,Mumbai,410.03,556.45
2025-01-18,Maharashtra,19.7069,73.4512,Seer Fish,0.699,27.74,1.475,0.634,Mumbai,412.37,483.21
2025-01-19,Maharashtra,17.8141,72.5422,Seer Fish,0.206,25.53,1.873,0.528,Alibaug,254.99,584.13
2025-01-20,Maharashtra,15.6362,74.7082,Indian Mackerel,0.624,27.38,0.545,0.304,Mumbai,109.55,136.33
2025-01-21,Maharashtra,19.5385,74.4777,Pomfret,0.565,26.55,0.795,0.648,Ratnagiri,530.49,585.19
2025-01-22,Maharashtra,16.5895,74.1744,Tuna,0.38,26.13,1.438,0.773,Mumbai,278.88,350.75
2025-01-23,Maharashtra,17.1005,73.0632,Seer Fish,0.333,25.73,1.315,0.067,Alibaug,329.23,467.57
2025-01-24,Maharashtra,19.4604,74.7287,Tuna,0.529,27.51,1.662,0.242,Alibaug,286.5,364.81
2025-01-25,Maharashtra,19.5988,72.5635,Pomfret,0.288,27.18,2.064,0.527,Ratnagiri,454.51,565.77
2025-01-26,Maharashtra,16.0746,74.4508,Pomfret,0.478,27.12,0.332,0.05,Mumbai,360.3,592.04
2025-01-27,Maharashtra,19.8772,74.3527,Shrimp,0.5,26.35,1.028,0.05,Alibaug,490.77,712.89
2025-01-28,Maharashtra,16.3375,73.2886,Tuna,0.467,26.39,1.477,0.855,Alibaug,230.83,421.74
2025-01-29,Maharashtra,15.6902,73.2481,Seer Fish,0.743,27.14,1.274,0.491,Ratnagiri,252.72,538.04
2025-01-30,Maharashtra,17.5131,73.1023,Indian Mackerel,0.601,26.72,1.135,1.2,Ratnagiri,97.01,126.6
2025-01-31,Maharashtra,15.7402,73.9079,Shrimp,0.737,28.63,0.661,0.703,Alibaug,585.06,857.4
2025-02-01,Maharashtra,17.7131,73.0323,Shrimp,0.833,27.45,1.178,0.387,Ratnagiri,413.74,872.88
2025-02-02,Maharashtra,19.2692,74.1606,Sardine,0.343,25.9,0.974,0.05,Ratnagiri,49.24,60.42
2025-02-03,Maharashtra,16.601,73.9269,Seer Fish,0.483,27.32,1.801,0.923,Alibaug,321.91,519.25
2025-02-04,Maharashtra,16.702,75.1732,Pomfret,0.828,27.63,1.104,1.101,Mumbai,532.32,729.36
2025-02-05,Maharashtra,18.9557,73.1044,Tuna,0.453,28.2,1.829,0.644,Mumbai,330.63,418.13
2025-02-06,Maharashtra,18.4361,74.6851,Shrimp,0.797,27.9,1.224,0.266,Ratnagiri,594.98,893.53
2025-02-07,Maharashtra,18.6809,74.0069,Pomfret,0.745,27.17,1.236,0.849,Mumbai,365.1,554.61
2025-02-08,Maharashtra,18.0007,74.6204,Tuna,0.276,26.84,1.917,0.063,Alibaug,294.48,386.95
2025-02-09,Maharashtra,19.8622,72.7515,Shrimp,0.732,28.55,1.003,0.606,Mumbai,489.16,717.51
2025-02-10,Maharashtra,18.7952,74.0298,Indian Mackerel,0.876,28.21,0.992,0.185,Mumbai,103.79,137.67
2025-02-11,Maharashtra,18.5316,73.2069,Seer Fish,0.722,28.7,1.202,0.575,Alibaug,340.03,549.86
2025-02-12,Maharashtra,19.6753,72.7653,Pomfret,0.42,26.31,0.928,0.356,Alibaug,408.08,794.82
2025-02-13,Maharashtra,15.99,75.2667,Sardine,0.801,27.62,1.243,0.882,Ratnagiri,59.94,69.12
2025-02-14,Maharashtra,18.8948,74.5016,Indian Mackerel,0.794,27.94,0.825,0.572,Ratnagiri,81.78,129.73
2025-02-15,Maharashtra,19.4857,74.2311,Seer Fish,0.833,28.39,1.194,0.4,Ratnagiri,293.92,554.23
2025-02-16,Maharashtra,19.1468,73.3378,Seer Fish,0.744,28.46,1.303,0.584,Ratnagiri,323.04,477.07
2025-02-17,Maharashtra,19.6159,73.0784,Shrimp,0.394,28.37,1.933,0.05,Alibaug,567.3,741.26
2025-02-18,Maharashtra,19.1223,73.2614,Indian Mackerel,0.568,28.53,0.469,0.745,Mumbai,82.67,130.82
2025-02-19,Maharashtra,16.3322,74.8591,Sardine,0.703,27.73,0.567,0.88,Mumbai,48.69,69.76
2025-02-20,Maharashtra,19.6807,74.063,Sardine,0.693,27.28,1.26,0.788,Mumbai,48.71,61.45
2025-02-21,Maharashtra,19.0592,73.6308,Seer Fish,0.784,28.65,0.926,0.317,Alibaug,401.85,425.37
2025-02-22,Maharashtra,17.2731,74.9556,Seer Fish,0.685,29.09,0.976,0.108,Alibaug,353.51,535.77
2025-02-23,Maharashtra,15.8333,73.229,Tuna,0.648,28.85,1.462,0.196,Mumbai,259.84,337.21
2025-02-24,Maharashtra,19.2309,72.9282,Shrimp,0.677,28.48,1.599,0.693,Ratnagiri,555.01,763.97
2025-02-25,Maharashtra,18.4499,74.0079,Indian Mackerel,0.679,28.5,1.351,1.003,Alibaug,84.59,118.08
2025-02-26,Maharashtra,18.1986,74.3305,Indian Mackerel,0.567,28.9,1.457,0.264,Mumbai,100.93,112.47
2025-02-27,Maharashtra,17.4404,74.1779,Tuna,0.683,28.38,0.49,0.263,Ratnagiri,316.65,372.22
2025-02-28,Maharashtra,19.2901,72.8107,Shrimp,0.764,28.97,1.067,0.29,Ratnagiri,475.39,719.72
2025-03-01,Maharashtra,18.6525,74.7787,Seer Fish,0.561,28.02,1.815,0.418,Mumbai,250.18,530.03
2025-03-02,Maharashtra,16.8499,75.1416,Sardine,0.459,28.45,1.735,0.288,Mumbai,43.36,68.49
2025-03-03,Maharashtra,17.6283,72.5615,Seer Fish,0.674,28.84,1.259,0.473,Ratnagiri,399.28,566.04
2025-03-04,Maharashtra,16.1817,74.6417,Tuna,0.684,28.44,1.451,0.676,Mumbai,248.92,414.89
2025-03-05,Maharashtra,18.9857,73.2344,Seer Fish,0.804,28.05,1.292,0.618,Mumbai,306.32,468.13
2025-03-06,Maharashtra,15.6396,73.2064,Shrimp,0.599,27.97,1.635,1.003,Ratnagiri,431.96,634.64
2025-03-07,Maharashtra,15.7639,72.579,Indian Mackerel,0.845,28.2,1.221,0.732,Ratnagiri,95.39,131.39
2025-03-08,Maharashtra,16.8034,72.8648,Sardine,0.711,29.08,0.853,0.298,Mumbai,52.41,70.88
2025-03-09,Maharashtra,18.8551,74.6178,Seer Fish,0.775,28.82,1.147,0.451,Alibaug,406.12,430.39
2025-03-10,Maharashtra,18.8929,74.7764,Sardine,0.707,28.85,0.963,0.05,Alibaug,59.19,71.84
2025-03-11,Maharashtra,19.2059,74.9759,Pomfret,0.75,28.42,0.836,0.841,Mumbai,516.36,624.13
2025-03-12,Maharashtra,16.3008,73.8062,Pomfret,0.838,28.05,1.163,0.321,Alibaug,326.21,764.57
2025-03-13,Maharashtra,16.963,75.4139,Pomfret,0.611,28.84,1.482,0.502,Alibaug,408.52,782.13
2025-03-14,Maharashtra,18.1973,74.39,Seer Fish,0.799,27.88,1.129,0.278,Alibaug,420.88,582.82
2025-03-15,Maharashtra,16.1604,74.9712,Indian Mackerel,0.565,29.44,1.097,0.128,Mumbai,106.87,134.08
2025-03-16,Maharashtra,16.2139,74.8303,Tuna,0.282,30.08,1.665,0.386,Ratnagiri,282.99,405.1
2025-03-17,Maharashtra,16.0007,73.9218,Shrimp,0.826,28.01,0.73,0.456,Alibaug,589.58,830.79
2025-03-18,Maharashtra,19.4225,74.1097,Tuna,0.67,28.63,0.834,0.575,Ratnagiri,239.87,376.13
2025-03-19,Maharashtra,16.8793,74.3443,Pomfret,0.694,28.98,1.323,0.528,Ratnagiri,444.78,704.32
2025-03-20,Maharashtra,17.3827,73.4131,Sardine,0.618,29.2,1.153,0.972,Mumbai,55.29,63.36
2025-03-21,Maharashtra,17.446,73.9552,Indian Mackerel,0.606,29.24,1.273,0.599,Alibaug,94.9,128.0
2025-03-22,Maharashtra,16.3956,74.1228,Sardine,0.528,29.47,1.41,0.798,Ratnagiri,48.89,71.78
2025-03-23,Maharashtra,16.2124,72.5102,Seer Fish,0.736,28.55,1.318,0.481,Mumbai,262.87,463.98
2025-03-24,Maharashtra,18.8937,73.8114,Pomfret,0.566,29.38,1.236,0.44,Mumbai,361.84,732.91
2025-03-25,Maharashtra,17.5336,73.3935,Seer Fish,0.574,29.36,1.026,0.693,Mumbai,391.66,594.38
2025-03-26,Maharashtra,17.7027,74.6822,Indian Mackerel,0.776,28.85,0.963,0.351,Alibaug,99.87,113.49
2025-03-27,Maharashtra,18.0421,73.3616,Seer Fish,0.772,28.48,0.697,0.531,Alibaug,292.41,543.79
2025-03-28,Maharashtra,16.6168,74.027,Sardine,0.534,29.47,1.017,0.655,Mumbai,43.54,72.68
2025-03-29,Maharashtra,17.2023,75.0571,Pomfret,0.679,29.24,1.032,0.483,Alibaug,336.28,673.02
2025-03-30,Maharashtra,17.3334,74.334,Indian Mackerel,0.524,29.1,0.579,1.164,Alibaug,85.24,125.46
2025-03-31,Maharashtra,16.7506,74.6679,Sardine,0.223,30.39,1.503,0.625,Mumbai,45.67,69.97
2025-04-01,Maharashtra,15.7983,73.0581,Shrimp,0.343,30.14,0.907,0.705,Alibaug,527.59,657.34
2025-04-02,Maharashtra,19.7726,73.1744,Indian Mackerel,0.325,30.09,1.19,0.765,Mumbai,102.47,133.82
2025-04-03,Maharashtra,16.4909,75.3771,Shrimp,0.582,29.17,1.392,0.37,Ratnagiri,413.87,871.81
2025-04-04,Maharashtra,19.3963,74.0272,Indian Mackerel,0.482,29.72,0.991,0.453,Mumbai,100.14,117.57
2025-04-05,Maharashtra,15.6817,74.5976,Seer Fish,0.437,29.7,1.022,0.235,Ratnagiri,344.39,560.9
2025-04-06,Maharashtra,17.0135,73.5691,Tuna,0.478,29.36,1.537,0.782,Mumbai,303.06,418.03
2025-04-07,Maharashtra,18.5325,72.9042,Tuna,0.374,29.03,1.971,0.524,Ratnagiri,242.96,341.89
2025-04-08,Maharashtra,19.8313,74.1469,Seer Fish,0.669,29.04,0.975,0.914,Ratnagiri,320.3,564.84
2025-04-09,Maharashtra,17.8999,74.1501,Seer Fish,0.44,29.17,1.634,0.5,Mumbai,400.03,443.28
2025-04-10,Maharashtra,17.5769,73.3613,Shrimp,0.772,28.47,1.365,0.623,Ratnagiri,476.59,656.9
2025-04-11,Maharashtra,18.5608,73.7973,Indian Mackerel,0.814,28.57,0.966,0.796,Ratnagiri,81.98,128.67
2025-04-12,Maharashtra,18.175,73.3426,Sardine,0.693,28.35,1.532,0.401,Ratnagiri,58.64,67.49
2025-04-13,Maharashtra,15.9554,73.6619,Pomfret,0.309,30.3,1.254,0.471,Ratnagiri,482.9,614.22
2025-04-14,Maharashtra,16.3709,74.572,Tuna,0.382,29.83,0.568,0.378,Mumbai,312.04,411.82
2025-04-15,Maharashtra,17.9681,74.8765,Pomfret,0.396,27.93,1.901,0.05,Mumbai,338.4,595.0
2025-04-16,Maharashtra,17.5079,74.9207,Indian Mackerel,0.216,30.64,1.156,0.785,Ratnagiri,100.36,110.3
2025-04-17,Maharashtra,17.7165,73.7433,Sardine,0.529,28.71,1.676,0.807,Mumbai,40.64,65.93
2025-04-18,Maharashtra,18.1723,73.7625,Shrimp,0.755,28.92,1.123,0.119,Ratnagiri,600.74,886.02
2025-04-19,Maharashtra,19.2333,73.5549,Sardine,0.604,29.23,0.954,0.985,Ratnagiri,56.62,73.22
2025-04-20,Maharashtra,17.3371,74.7325,Sardine,0.566,29.42,1.081,0.422,Ratnagiri,41.85,74.43
2025-04-21,Maharashtra,16.2182,73.6682,Tuna,0.619,29.39,0.73,0.393,Ratnagiri,321.64,371.45
2025-04-22,Maharashtra,18.6989,73.2584,Seer Fish,0.475,29.51,1.294,0.089,Alibaug,257.53,577.26
2025-04-23,Maharashtra,18.5849,74.4816,Tuna,0.739,28.16,1.415,0.845,Alibaug,306.59,394.55
2025-04-24,Maharashtra,19.5193,74.2643,Indian Mackerel,0.671,28.98,0.781,0.401,Alibaug,84.22,136.09
2025-04-25,Maharashtra,18.5739,75.4809,Tuna,0.347,30.2,1.259,0.653,Ratnagiri,223.57,437.97
2025-04-26,Maharashtra,15.8223,74.4975,Indian Mackerel,0.593,26.71,0.742,0.158,Mumbai,82.8,131.2
2025-04-27,Maharashtra,17.7529,73.0728,Tuna,0.476,29.85,0.965,0.067,Alibaug,331.37,437.02
2025-04-28,Maharashtra,16.7406,72.867,Indian Mackerel,0.468,29.7,0.85,0.466,Alibaug,85.05,133.02
2025-04-29,Maharashtra,18.8976,74.118,Shrimp,0.507,29.45,0.527,0.789,Mumbai,424.79,823.18
2025-04-30,Maharashtra,15.8136,74.4536,Sardine,0.832,28.57,1.049,1.447,Mumbai,58.23,67.37
2025-01-01,Gujarat,20.2141,69.351,Pomfret,0.44,26.02,1.082,0.254,Okha,549.04,632.39
2025-01-02,Gujarat,21.7936,70.7812,Seer Fish,0.669,26.62,1.113,0.05,Veraval,416.74,564.05
2025-01-03,Gujarat,20.1881,69.4954,Tuna,0.537,26.51,1.219,0.453,Okha,333.77,366.34
2025-01-04,Gujarat,24.1125,71.4498,Indian Mackerel,0.804,27.39,0.726,0.05,Veraval,80.91,123.01
2025-01-05,Gujarat,22.6767,71.9447,Pomfret,0.613,26.67,1.141,0.462,Veraval,458.56,554.54
2025-01-06,Gujarat,23.3956,71.7599,Indian Mackerel,0.366,26.27,1.573,0.81,Okha,89.72,130.37
2025-01-07,Gujarat,22.647,68.73,Sardine,0.595,26.87,0.71,0.867,Porbandar,58.84,64.32
2025-01-08,Gujarat,23.626,68.091,Indian Mackerel,0.175,24.88,1.03,0.519,Okha,92.47,134.96
2025-01-09,Gujarat,21.4562,72.2437,Shrimp,0.553,26.51,0.908,0.05,Porbandar,366.96,682.41
2025-01-10,Gujarat,22.2834,68.3869,Indian Mackerel,0.564,26.6,1.238,0.608,Veraval,98.01,139.31
2025-01-11,Gujarat,23.018,68.1385,Tuna,0.672,26.88,0.727,0.05,Okha,230.43,411.73
2025-01-12,Gujarat,21.332,70.8804,Sardine,0.336,26.25,1.609,0.55,Porbandar,51.38,74.79
2025-01-13,Gujarat,23.6831,69.3583,Sardine,0.456,26.23,0.66,0.926,Porbandar,40.16,68.75
2025-01-14,Gujarat,21.2034,68.5395,Pomfret,0.447,25.96,1.069,0.791,Veraval,508.72,623.47
2025-01-15,Gujarat,20.2674,68.2362,Sardine,0.21,25.55,0.399,0.455,Porbandar,49.87,73.93
2025-01-16,Gujarat,21.2744,69.3352,Tuna,0.339,25.67,0.87,0.798,Veraval,241.48,393.67
2025-01-17,Gujarat,22.4868,71.9429,Sardine,0.699,28.66,1.224,0.887,Veraval,55.47,69.49
2025-01-18,Gujarat,21.6504,69.6249,Seer Fish,0.714,27.14,1.232,0.514,Okha,307.49,591.68
2025-01-19,Gujarat,20.1169,69.6958,Indian Mackerel,0.63,26.62,1.163,0.556,Okha,93.15,131.8
2025-01-20,Gujarat,24.2061,71.0339,Seer Fish,0.755,27.57,1.324,0.98,Okha,269.91,449.29
2025-01-21,Gujarat,21.4101,69.2674,Pomfret,0.619,27.41,1.474,0.236,Porbandar,458.43,605.57
2025-01-22,Gujarat,20.251,70.7681,Sardine,0.868,28.3,0.997,0.05,Veraval,54.61,60.85
2025-01-23,Gujarat,20.0526,70.0613,Indian Mackerel,0.464,26.56,0.528,0.256,Porbandar,101.74,129.35
2025-01-24,Gujarat,21.3271,69.3302,Indian Mackerel,0.828,27.46,0.9,0.05,Porbandar,84.28,135.15
2025-01-25,Gujarat,23.4367,70.9895,Shrimp,0.762,28.08,1.456,0.776,Okha,381.53,855.15
2025-01-26,Gujarat,20.1299,71.753,Seer Fish,0.679,27.6,1.289,0.512,Porbandar,304.71,456.19
2025-01-27,Gujarat,24.0382,69.8159,Sardine,0.55,27.32,1.676,0.764,Okha,59.03,78.93
2025-01-28,Gujarat,20.681,68.7979,Seer Fish,0.559,26.77,1.436,0.472,Okha,389.87,448.34
2025-01-29,Gujarat,20.5195,72.1494,Seer Fish,0.741,27.32,1.059,0.536,Veraval,311.16,586.3
2025-01-30,Gujarat,24.3849,69.0883,Sardine,0.577,26.68,1.122,0.251,Okha,49.34,64.56
2025-01-31,Gujarat,20.9369,69.9144,Indian Mackerel,0.814,27.36,1.183,0.238,Veraval,81.33,134.53
2025-02-01,Gujarat,24.6525,69.831,Tuna,0.421,26.44,1.575,0.492,Okha,249.2,422.82
2025-02-02,Gujarat,23.2335,69.4527,Shrimp,0.909,28.41,1.092,0.44,Veraval,489.15,734.63
2025-02-03,Gujarat,20.5623,69.8752,Seer Fish,0.783,27.49,0.851,0.64,Okha,354.05,475.9
2025-02-04,Gujarat,21.2525,71.4314,Indian Mackerel,0.724,27.69,1.478,0.369,Veraval,97.68,130.53
2025-02-05,Gujarat,21.7387,70.0204,Pomfret,0.803,27.82,1.218,0.899,Porbandar,521.73,656.56
2025-02-06,Gujarat,21.5617,72.0533,Tuna,0.82,27.49,0.93,0.535,Okha,323.04,382.68
2025-02-07,Gujarat,20.0832,71.878,Shrimp,0.749,27.14,0.816,0.05,Porbandar,377.69,741.52
2025-02-08,Gujarat,21.4436,72.0729,Indian Mackerel,0.864,27.7,1.154,0.055,Porbandar,107.94,130.5
2025-02-09,Gujarat,21.2336,70.9026,Seer Fish,0.628,29.09,0.969,0.624,Okha,387.12,525.64
2025-02-10,Gujarat,20.5413,69.8802,Seer Fish,0.87,27.96,0.893,0.598,Okha,320.16,558.19
2025-02-11,Gujarat,22.2679,72.2314,Indian Mackerel,0.803,28.91,1.038,1.111,Veraval,94.69,113.35
2025-02-12,Gujarat,22.1554,71.1365,Indian Mackerel,0.595,28.22,1.497,0.667,Porbandar,106.5,114.81
2025-02-13,Gujarat,21.596,69.5085,Tuna,0.571,27.16,0.538,0.373,Okha,236.22,416.57
2025-02-14,Gujarat,24.0165,71.0863,Shrimp,0.717,29.05,1.213,0.237,Porbandar,380.41,855.54
2025-02-15,Gujarat,22.6109,71.1049,Pomfret,0.513,27.66,1.672,0.306,Porbandar,436.7,735.9
2025-02-16,Gujarat,21.5936,70.0341,Sardine,0.777,28.09,0.887,0.763,Veraval,58.9,70.96
2025-02-17,Gujarat,24.4799,68.8113,Indian Mackerel,0.665,28.57,1.598,0.866,Porbandar,90.13,124.71
2025-02-18,Gujarat,21.4894,69.5099,Indian Mackerel,0.777,28.61,1.048,0.897,Veraval,90.31,127.82
2025-02-19,Gujarat,20.8843,71.996,Seer Fish,0.672,27.94,0.518,0.426,Okha,408.26,447.36
2025-02-20,Gujarat,24.4553,70.5735,Seer Fish,0.795,28.25,1.213,0.633,Okha,379.48,514.26
2025-02-21,Gujarat,21.1479,69.508,Shrimp,0.536,28.78,1.627,0.782,Okha,430.94,865.02
2025-02-22,Gujarat,23.7458,70.3174,Indian Mackerel,0.628,27.61,1.547,0.39,Okha,91.33,133.66
2025-02-23,Gujarat,21.6518,68.752,Tuna,0.79,28.53,1.299,0.338,Porbandar,310.36,371.96
2025-02-24,Gujarat,20.1762,72.1301,Indian Mackerel,0.817,28.23,1.148,0.05,Porbandar,88.45,112.33
2025-02-25,Gujarat,20.6819,71.1463,Seer Fish,0.589,29.45,0.59,0.397,Veraval,271.47,568.93
2025-02-26,Gujarat,22.3718,71.9849,Seer Fish,0.774,28.12,1.087,0.164,Porbandar,392.59,487.86
2025-02-27,Gujarat,22.728,68.3328,Sardine,0.476,28.21,1.804,0.901,Okha,59.97,72.59
2025-02-28,Gujarat,23.7372,71.5179,Sardine,0.518,29.29,0.765,0.064,Porbandar,46.19,72.34
2025-03-01,Gujarat,22.5103,68.9822,Sardine,0.801,28.43,1.287,0.246,Okha,49.28,61.18
2025-03-02,Gujarat,23.4276,69.4798,Pomfret,0.711,28.04,1.418,0.711,Veraval,311.23,592.02
2025-03-03,Gujarat,20.5521,68.8086,Tuna,0.804,27.92,1.196,0.218,Porbandar,263.94,403.36
2025-03-04,Gujarat,20.328,69.1515,Sardine,0.393,28.06,1.871,0.369,Okha,42.69,70.37
2025-03-05,Gujarat,23.6099,68.7393,Sardine,0.619,28.64,1.649,1.028,Okha,43.87,76.44
2025-03-06,Gujarat,22.6407,69.1901,Tuna,0.622,28.02,1.469,0.426,Veraval,312.6,366.56
2025-03-07,Gujarat,24.131,71.7503,Shrimp,0.772,27.99,0.728,0.05,Okha,623.47,635.53
2025-03-08,Gujarat,20.7627,72.0164,Indian Mackerel,0.551,29.52,1.243,0.247,Okha,108.08,136.03
2025-03-09,Gujarat,21.5634,68.3808,Sardine,0.327,30.1,1.237,0.549,Okha,52.79,68.95
2025-03-10,Gujarat,23.1122,71.1801,Tuna,0.793,28.23,0.916,0.539,Porbandar,264.17,360.22
2025-03-11,Gujarat,21.4347,72.3888,Pomfret,0.79,28.41,1.311,0.774,Porbandar,460.39,754.55
2025-03-12,Gujarat,20.0266,72.464,Tuna,0.463,29.56,1.166,0.461,Porbandar,334.68,424.72
2025-03-13,Gujarat,21.3656,69.2502,Seer Fish,0.658,29.06,0.968,0.354,Porbandar,288.85,485.0
2025-03-14,Gujarat,23.6346,70.5671,Shrimp,0.581,28.99,1.443,0.923,Veraval,571.64,660.92
2025-03-15,Gujarat,21.1385,69.095,Seer Fish,0.775,28.81,0.971,0.684,Porbandar,396.84,554.45
2025-03-16,Gujarat,24.0924,70.8531,Seer Fish,0.747,28.89,1.135,0.599,Okha,261.03,583.03
2025-03-17,Gujarat,23.8261,69.4141,Shrimp,0.341,29.15,1.818,0.526,Okha,567.86,833.49
2025-03-18,Gujarat,24.2799,68.0667,Seer Fish,0.251,30.7,0.951,0.505,Okha,377.16,547.76
2025-03-19,Gujarat,23.3669,70.0448,Indian Mackerel,0.491,29.69,0.6,0.403,Veraval,84.15,113.59
2025-03-20,Gujarat,23.29,68.0274,Pomfret,0.697,28.72,1.022,0.66,Porbandar,449.93,637.51
2025-03-21,Gujarat,22.0871,68.2895,Indian Mackerel,0.834,28.05,0.798,0.283,Okha,109.25,130.44
2025-03-22,Gujarat,21.962,71.1578,Tuna,0.747,28.73,1.115,0.825,Okha,243.36,440.75
2025-03-23,Gujarat,24.3002,72.4513,Tuna,0.659,29.02,0.963,0.743,Porbandar,246.56,346.32
2025-03-24,Gujarat,24.6033,69.3321,Sardine,0.868,27.61,0.983,0.584,Porbandar,53.8,71.31
2025-03-25,Gujarat,20.3642,68.7318,Seer Fish,0.445,29.89,0.966,1.064,Porbandar,334.76,440.9
2025-03-26,Gujarat,20.606,69.0782,Shrimp,0.493,28.49,1.736,0.248,Porbandar,623.18,661.18
2025-03-27,Gujarat,20.2317,71.1246,Sardine,0.57,28.66,1.567,0.577,Okha,58.28,79.36
2025-03-28,Gujarat,23.9816,69.3939,Pomfret,0.691,29.08,1.269,0.05,Veraval,410.95,611.52
2025-03-29,Gujarat,23.1922,71.9296,Indian Mackerel,0.796,28.25,1.353,0.451,Veraval,100.86,134.23
2025-03-30,Gujarat,23.1187,68.6811,Pomfret,0.5,27.66,1.764,0.639,Okha,343.81,743.68
2025-03-31,Gujarat,24.4499,68.452,Shrimp,0.473,29.35,1.528,0.376,Porbandar,590.26,709.51
2025-04-01,Gujarat,24.4114,69.4263,Seer Fish,0.536,29.22,1.479,0.368,Veraval,272.29,583.27
2025-04-02,Gujarat,22.4715,71.5621,Shrimp,0.613,28.93,1.304,0.661,Okha,580.1,673.0
2025-04-03,Gujarat,20.3328,69.801,Sardine,0.345,29.72,1.434,0.528,Porbandar,54.98,71.3
2025-04-04,Gujarat,22.1051,69.3917,Indian Mackerel,0.455,29.84,0.899,0.813,Okha,87.15,135.53
2025-04-05,Gujarat,22.6189,68.9308,Sardine,0.358,28.56,2.045,0.943,Veraval,59.66,76.17
2025-04-06,Gujarat,20.7517,69.2499,Sardine,0.561,29.65,1.222,0.523,Porbandar,56.22,68.74
2025-04-07,Gujarat,20.5822,70.54,Sardine,0.791,28.54,0.949,0.437,Veraval,48.57,66.63
2025-04-08,Gujarat,24.593,71.8855,Indian Mackerel,0.847,27.93,1.005,0.748,Porbandar,96.44,110.72
2025-04-09,Gujarat,23.5918,70.6141,Indian Mackerel,0.82,28.84,1.038,0.809,Porbandar,87.58,132.36
2025-04-10,Gujarat,22.9807,71.4764,Sardine,0.446,29.22,1.62,0.36,Porbandar,58.0,61.0
2025-04-11,Gujarat,21.6459,68.534,Sardine,0.583,29.54,1.013,0.261,Veraval,59.36,79.08
2025-04-12,Gujarat,23.6344,72.1958,Seer Fish,0.736,28.92,0.876,0.676,Okha,403.59,477.45
2025-04-13,Gujarat,23.8702,68.6942,Sardine,0.647,28.82,1.335,1.184,Veraval,45.48,62.27
2025-04-14,Gujarat,20.536,69.5645,Seer Fish,0.856,28.36,1.296,0.134,Porbandar,280.66,507.91
2025-04-15,Gujarat,23.0479,68.1272,Indian Mackerel,0.523,29.43,1.541,0.288,Okha,84.14,130.2
2025-04-16,Gujarat,22.8018,69.3251,Sardine,0.706,28.79,0.913,0.388,Veraval,58.93,64.93
2025-04-17,Gujarat,23.7745,70.7542,Seer Fish,0.32,29.14,1.835,0.09,Okha,256.87,597.9
2025-04-18,Gujarat,23.1226,71.0651,Tuna,0.462,29.1,0.22,0.57,Veraval,322.39,398.25
2025-04-19,Gujarat,21.9431,68.3271,Tuna,0.579,29.02,1.457,0.742,Okha,256.28,426.14
2025-04-20,Gujarat,20.6131,71.4321,Indian Mackerel,0.545,27.58,1.601,0.676,Porbandar,98.64,125.64
2025-04-21,Gujarat,24.0511,70.2127,Seer Fish,0.309,30.25,1.161,0.411,Porbandar,279.57,506.68
2025-04-22,Gujarat,20.4713,69.5125,Indian Mackerel,0.741,27.36,1.126,0.53,Porbandar,90.67,116.89
2025-04-23,Gujarat,20.8263,69.4516,Indian Mackerel,0.645,29.16,1.188,0.594,Veraval,102.87,111.17
2025-04-24,Gujarat,24.3991,68.4278,Indian Mackerel,0.859,28.2,1.209,0.696,Veraval,103.28,126.05
2025-04-25,Gujarat,23.7482,70.6811,Seer Fish,0.653,29.16,1.235,0.106,Okha,267.46,560.95
2025-04-26,Gujarat,21.7457,68.1773,Sardine,0.463,29.17,1.665,0.135,Veraval,58.6,74.14
2025-04-27,Gujarat,21.5496,69.7584,Indian Mackerel,0.492,29.04,1.671,0.548,Porbandar,109.7,116.42
2025-04-28,Gujarat,21.9639,69.3132,Pomfret,0.387,29.66,1.391,0.157,Veraval,406.86,652.58
2025-04-29,Gujarat,24.6454,70.1141,Tuna,0.567,26.72,1.137,0.163,Okha,291.95,439.7
2025-04-30,Gujarat,21.2878,70.273,Indian Mackerel,0.334,29.93,0.871,0.298,Veraval,92.59,115.65
2025-01-01,Odisha,18.0291,86.9102,Indian Mackerel,0.406,25.9,1.09,1.013,Chandipur,85.84,128.39
2025-01-02,Odisha,21.4497,86.6472,Pomfret,0.568,26.43,0.826,0.402,Chandipur,498.31,587.54
2025-01-03,Odisha,20.3091,84.9707,Tuna,0.485,26.24,0.977,0.457,Paradip,257.63,396.77
2025-01-04,Odisha,18.7405,86.4335,Sardine,0.452,26.07,0.737,0.295,Gopalpur,41.56,69.95
2025-01-05,Odisha,18.5184,86.4346,Indian Mackerel,0.608,26.75,1.002,0.462,Paradip,97.04,114.96
2025-01-06,Odisha,21.2739,86.6055,Pomfret,0.305,26.42,1.926,0.411,Chandipur,322.88,614.94
2025-01-07,Odisha,19.9302,85.3552,Pomfret,0.272,26.1,1.835,0.62,Paradip,484.48,582.09
2025-01-08,Odisha,19.3365,85.7565,Indian Mackerel,0.345,27.74,2.119,0.079,Chandipur,109.96,112.15
2025-01-09,Odisha,18.1525,84.6518,Tuna,0.155,25.25,1.388,0.05,Paradip,231.63,347.9
2025-01-10,Odisha,20.0059,86.3429,Shrimp,0.763,27.75,1.37,0.556,Gopalpur,506.9,746.64
2025-01-11,Odisha,19.9475,85.5528,Seer Fish,0.271,25.4,1.36,0.493,Chandipur,303.18,471.41
2025-01-12,Odisha,18.4528,85.533,Shrimp,0.469,26.25,1.074,0.501,Paradip,541.12,709.81
2025-01-13,Odisha,21.069,86.3452,Seer Fish,0.78,27.59,1.33,0.05,Paradip,332.0,499.35
2025-01-14,Odisha,19.0111,84.5167,Shrimp,0.55,27.06,1.664,0.396,Chandipur,409.86,662.59
2025-01-15,Odisha,19.9297,85.8162,Indian Mackerel,0.522,26.28,0.959,0.625,Chandipur,90.48,116.38
2025-01-16,Odisha,19.3102,84.8163,Sardine,0.283,25.69,0.61,0.491,Gopalpur,44.23,67.87
2025-01-17,Odisha,18.2245,84.6788,Shrimp,0.512,26.95,0.389,0.33,Gopalpur,602.07,707.26
2025-01-18,Odisha,20.1932,86.464,Pomfret,0.286,26.19,1.648,0.821,Chandipur,393.94,795.62
2025-01-19,Odisha,20.3289,86.8696,Shrimp,0.605,26.79,0.899,0.077,Gopalpur,491.99,843.03
2025-01-20,Odisha,19.5142,85.4043,Sardine,0.599,27.19,1.565,0.407,Chandipur,52.96,68.08
2025-01-21,Odisha,18.0566,85.775,Seer Fish,0.465,26.23,0.901,0.598,Paradip,259.4,479.85
2025-01-22,Odisha,18.523,85.7405,Shrimp,0.864,27.89,1.25,0.829,Chandipur,420.6,652.74
2025-01-23,Odisha,20.1195,86.0396,Pomfret,0.36,26.72,1.832,0.196,Gopalpur,375.62,708.75
2025-01-24,Odisha,20.0343,86.3553,Tuna,0.702,28.14,1.373,0.742,Gopalpur,310.19,411.69
2025-01-25,Odisha,21.1496,84.8555,Indian Mackerel,0.554,26.48,1.291,0.05,Paradip,82.96,127.16
2025-01-26,Odisha,18.3352,84.481,Indian Mackerel,0.89,28.0,1.051,0.929,Gopalpur,108.44,131.51
2025-01-27,Odisha,21.0851,85.9161,Shrimp,0.794,27.46,0.901,0.05,Chandipur,470.57,776.86
2025-01-28,Odisha,19.9518,84.8321,Tuna,0.383,25.7,0.954,0.441,Paradip,288.87,442.62
2025-01-29,Odisha,20.7207,84.456,Tuna,0.839,27.72,1.098,0.305,Paradip,237.9,407.5
2025-01-30,Odisha,20.5739,86.5789,Pomfret,0.37,27.03,1.85,1.241,Paradip,484.55,672.53
2025-01-31,Odisha,18.101,84.1926,Pomfret,0.793,27.72,1.07,0.798,Paradip,401.01,719.59
2025-02-01,Odisha,20.674,86.9758,Indian Mackerel,0.796,28.07,0.761,0.449,Chandipur,91.84,115.4
2025-02-02,Odisha,18.9978,85.3652,Sardine,0.822,28.11,0.851,0.505,Chandipur,45.32,72.07
2025-02-03,Odisha,20.3412,85.9651,Shrimp,0.77,27.54,1.243,0.05,Chandipur,375.93,785.29
2025-02-04,Odisha,18.1808,85.0108,Pomfret,0.633,27.14,1.387,0.368,Gopalpur,399.36,602.61
2025-02-05,Odisha,19.8244,86.7642,Tuna,0.766,28.07,0.825,1.066,Chandipur,279.22,428.61
2025-02-06,Odisha,20.5275,85.8452,Seer Fish,0.747,27.53,0.793,0.796,Gopalpur,381.61,433.0
2025-02-07,Odisha,18.7071,86.3759,Tuna,0.827,28.14,0.983,0.05,Chandipur,256.4,408.65
2025-02-08,Odisha,19.5282,84.2773,Seer Fish,0.572,28.43,1.599,0.528,Paradip,280.18,428.63
2025-02-09,Odisha,18.1105,85.5221,Shrimp,0.771,28.19,1.373,0.05,Gopalpur,457.62,778.89
2025-02-10,Odisha,20.3973,86.8913,Sardine,0.645,26.81,1.125,0.724,Gopalpur,40.11,60.6
2025-02-11,Odisha,19.9717,86.2885,Indian Mackerel,0.728,27.75,1.373,0.565,Chandipur,80.58,113.32
2025-02-12,Odisha,20.8415,86.4882,Tuna,0.891,28.1,1.02,0.379,Chandipur,296.75,394.11
2025-02-13,Odisha,19.2717,86.1906,Shrimp,0.62,29.32,0.677,0.582,Paradip,435.06,669.44
2025-02-14,Odisha,20.8804,85.7598,Tuna,0.753,27.75,0.744,0.05,Chandipur,304.25,405.62
2025-02-15,Odisha,18.7222,84.4352,Seer Fish,0.712,28.29,0.55,0.491,Chandipur,301.23,455.51
2025-02-16,Odisha,20.7705,86.8662,Indian Mackerel,0.732,28.57,0.899,0.27,Gopalpur,87.33,122.92
2025-02-17,Odisha,19.6567,86.2327,Sardine,0.673,28.48,1.374,0.274,Chandipur,49.46,75.01
2025-02-18,Odisha,20.1402,84.3018,Pomfret,0.844,28.29,1.132,0.476,Gopalpur,403.53,703.5
2025-02-19,Odisha,18.7472,84.8743,Pomfret,0.804,27.64,1.091,0.184,Chandipur,456.34,655.98
2025-02-20,Odisha,19.9482,84.6396,Seer Fish,0.773,27.4,1.038,0.708,Gopalpur,406.08,594.96
2025-02-21,Odisha,20.752,85.6283,Shrimp,0.761,28.33,0.858,0.363,Paradip,495.07,716.91
2025-02-22,Odisha,18.7276,86.401,Tuna,0.76,28.57,0.874,0.957,Paradip,287.27,411.5
2025-02-23,Odisha,20.4945,86.646,Indian Mackerel,0.282,30.19,1.724,0.57,Chandipur,86.16,132.65
2025-02-24,Odisha,20.8131,85.6589,Pomfret,0.852,28.15,1.121,0.321,Paradip,464.98,679.41
2025-02-25,Odisha,18.5858,86.9354,Pomfret,0.64,27.2,0.494,0.417,Chandipur,384.63,599.15
2025-02-26,Odisha,21.0124,84.4399,Indian Mackerel,0.577,28.66,1.612,0.887,Chandipur,89.78,127.23
2025-02-27,Odisha,19.0234,85.2068,Indian Mackerel,0.484,28.49,1.679,0.955,Chandipur,108.26,130.44
2025-02-28,Odisha,20.2596,86.1348,Shrimp,0.593,28.45,1.469,0.248,Gopalpur,523.8,845.19
2025-03-01,Odisha,19.5824,86.4524,Pomfret,0.603,29.42,0.69,0.638,Chandipur,316.23,682.55
2025-03-02,Odisha,21.1551,86.1163,Pomfret,0.812,27.95,0.758,0.053,Paradip,347.32,700.84
2025-03-03,Odisha,18.1096,84.3565,Pomfret,0.724,28.15,0.527,0.409,Paradip,413.11,794.14
2025-03-04,Odisha,18.1743,84.5419,Pomfret,0.502,29.76,0.992,0.1,Paradip,328.4,767.04
2025-03-05,Odisha,18.4518,85.8988,Seer Fish,0.678,28.94,0.781,0.47,Gopalpur,282.15,514.51
2025-03-06,Odisha,18.3264,86.7627,Indian Mackerel,0.774,28.53,0.947,0.812,Chandipur,95.55,112.25
2025-03-07,Odisha,18.386,85.1505,Sardine,0.759,28.69,1.313,1.081,Gopalpur,58.95,67.37
2025-03-08,Odisha,18.0353,86.0675,Tuna,0.695,28.91,0.686,0.901,Paradip,224.16,371.96
2025-03-09,Odisha,20.6724,86.8806,Seer Fish,0.697,28.98,1.175,0.813,Gopalpur,347.99,535.49
2025-03-10,Odisha,18.8473,85.2977,Sardine,0.783,28.38,0.992,0.245,Paradip,49.51,65.99
2025-03-11,Odisha,19.1314,84.7812,Tuna,0.432,27.13,1.83,0.826,Gopalpur,282.48,447.22
2025-03-12,Odisha,19.2847,84.6231,Pomfret,0.743,28.05,1.392,0.603,Chandipur,337.64,780.77
2025-03-13,Odisha,19.9775,84.9878,Seer Fish,0.761,28.89,0.991,0.33,Chandipur,300.44,459.01
2025-03-14,Odisha,21.4088,85.0849,Sardine,0.633,28.72,1.246,0.541,Paradip,48.07,77.25
2025-03-15,Odisha,18.6337,85.6327,Pomfret,0.478,29.5,0.762,0.274,Chandipur,342.42,671.0
2025-03-16,Odisha,20.4565,84.6816,Tuna,0.882,28.34,1.093,0.662,Gopalpur,242.15,375.95
2025-03-17,Odisha,18.5944,84.3189,Shrimp,0.643,29.14,0.988,0.455,Chandipur,432.89,680.24
2025-03-18,Odisha,20.7099,86.1377,Sardine,0.806,28.43,1.1,1.027,Paradip,43.93,73.1
2025-03-19,Odisha,20.397,86.7973,Sardine,0.57,29.3,1.305,0.05,Chandipur,57.34,67.88
2025-03-20,Odisha,21.2371,86.5433,Sardine,0.711,28.63,1.226,0.769,Chandipur,47.07,76.17
2025-03-21,Odisha,18.8254,85.3838,Shrimp,0.724,28.38,0.611,0.526,Paradip,452.35,810.01
2025-03-22,Odisha,21.236,86.4494,Pomfret,0.771,28.82,1.141,1.205,Gopalpur,351.4,686.06
2025-03-23,Odisha,20.815,85.611,Sardine,0.68,29.14,0.671,0.596,Gopalpur,56.67,74.52
2025-03-24,Odisha,20.766,84.8665,Seer Fish,0.383,28.63,1.799,0.418,Chandipur,311.47,525.23
2025-03-25,Odisha,21.0379,86.788,Shrimp,0.655,28.66,1.432,0.312,Paradip,503.64,858.74
2025-03-26,Odisha,21.486,85.5245,Tuna,0.53,28.44,1.721,0.236,Gopalpur,314.87,393.03
2025-03-27,Odisha,21.2076,85.8843,Seer Fish,0.557,29.49,1.307,0.618,Chandipur,255.64,505.94
2025-03-28,Odisha,19.0972,85.9952,Sardine,0.388,29.54,1.617,0.361,Chandipur,57.94,68.78
2025-03-29,Odisha,18.8193,85.2356,Tuna,0.825,28.41,0.763,0.595,Chandipur,315.16,337.84
2025-03-30,Odisha,20.3636,86.7975,Indian Mackerel,0.716,28.48,0.616,0.544,Paradip,83.01,114.45
2025-03-31,Odisha,20.4571,86.1773,Tuna,0.28,30.39,0.817,0.391,Gopalpur,303.82,385.76
2025-04-01,Odisha,19.1852,84.8804,Seer Fish,0.812,28.09,1.054,0.325,Chandipur,417.77,428.75
2025-04-02,Odisha,20.5853,86.8764,Seer Fish,0.301,30.36,0.83,0.836,Gopalpur,344.41,545.91
2025-04-03,Odisha,19.4747,86.562,Tuna,0.727,28.12,0.604,0.929,Paradip,330.04,436.09
2025-04-04,Odisha,19.4158,84.8745,Seer Fish,0.598,29.46,1.167,0.639,Chandipur,306.67,463.49
2025-04-05,Odisha,21.3993,86.1817,Sardine,0.621,29.02,0.838,0.556,Paradip,44.69,65.25
2025-04-06,Odisha,20.4641,84.5316,Shrimp,0.485,29.01,1.506,0.382,Paradip,524.99,762.53
2025-04-07,Odisha,18.3616,84.5929,Indian Mackerel,0.553,29.11,1.586,0.161,Paradip,107.83,120.43
2025-04-08,Odisha,19.1519,85.7143,Tuna,0.702,28.27,0.719,0.531,Paradip,241.09,437.76
2025-04-09,Odisha,21.2861,86.3413,Indian Mackerel,0.74,27.84,0.715,0.829,Chandipur,104.72,126.65
2025-04-10,Odisha,19.0335,84.5931,Pomfret,0.483,29.63,1.202,0.682,Paradip,305.09,731.16
2025-04-11,Odisha,18.1244,86.9921,Tuna,0.774,28.24,0.853,0.05,Chandipur,223.7,438.02
2025-04-12,Odisha,20.2823,86.2126,Sardine,0.481,28.89,1.745,0.368,Gopalpur,51.12,77.14
2025-04-13,Odisha,18.8142,86.4179,Sardine,0.473,29.21,0.376,0.316,Gopalpur,48.92,66.17
2025-04-14,Odisha,20.1257,84.5555,Tuna,0.299,29.82,1.537,0.133,Paradip,327.87,418.26
2025-04-15,Odisha,19.9285,86.3112,Indian Mackerel,0.5,28.08,1.771,0.05,Paradip,100.82,133.03
2025-04-16,Odisha,21.1345,85.0636,Pomfret,0.8,28.72,1.052,0.476,Paradip,427.76,725.55
2025-04-17,Odisha,19.6689,84.9367,Shrimp,0.631,29.3,1.013,0.729,Paradip,562.0,664.27
2025-04-18,Odisha,18.7174,86.0577,Sardine,0.537,29.02,0.459,0.639,Gopalpur,49.83,65.9
2025-04-19,Odisha,20.6918,85.1818,Sardine,0.656,29.11,1.28,0.263,Gopalpur,47.75,71.52
2025-04-20,Odisha,20.91,84.5652,Pomfret,0.619,28.83,0.527,0.313,Chandipur,304.81,578.05
2025-04-21,Odisha,21.467,84.8412,Tuna,0.549,28.23,1.664,0.157,Paradip,254.54,395.62
2025-04-22,Odisha,19.6297,86.999,Indian Mackerel,0.641,28.58,0.378,0.294,Gopalpur,103.8,111.03
2025-04-23,Odisha,21.439,86.5954,Tuna,0.269,30.19,1.334,0.391,Gopalpur,271.08,411.08
2025-04-24,Odisha,20.41,86.6147,Pomfret,0.591,29.25,1.124,0.427,Gopalpur,356.5,714.1
2025-04-25,Odisha,18.5748,84.1679,Sardine,0.338,30.14,1.453,0.56,Gopalpur,51.85,69.9
2025-04-26,Odisha,21.3101,86.2427,Shrimp,0.705,28.78,0.616,0.865,Gopalpur,578.56,702.56
2025-04-27,Odisha,19.9171,84.2497,Shrimp,0.83,28.0,1.112,0.59,Gopalpur,569.99,854.42
2025-04-28,Odisha,19.0646,85.407,Sardine,0.59,29.25,1.33,0.296,Paradip,57.19,62.03
2025-04-29,Odisha,19.2146,85.6148,Sardine,0.685,29.05,1.318,1.002,Chandipur,41.28,67.13
2025-04-30,Odisha,20.1038,85.6683,Tuna,0.859,28.14,0.87,0.456,Gopalpur,290.41,367.84
2025-01-01,West Bengal,21.8071,88.3111,Pomfret,0.293,25.86,0.409,0.508,Fraserganj,521.44,655.82
2025-01-02,West Bengal,22.0479,88.9436,Sardine,0.281,25.51,0.895,0.733,Digha,43.12,62.11
2025-01-03,West Bengal,21.8668,88.212,Shrimp,0.212,25.74,0.985,0.205,Digha,554.47,868.4
2025-01-04,West Bengal,21.6589,87.4937,Tuna,0.571,27.23,0.376,0.402,Digha,334.98,396.35
2025-01-05,West Bengal,22.1531,88.9805,Shrimp,0.229,24.88,1.136,0.598,Digha,567.1,810.28
2025-01-06,West Bengal,21.7186,87.0967,Pomfret,0.511,27.14,1.701,0.637,Fraserganj,366.17,605.48
2025-01-07,West Bengal,21.848,87.2088,Seer Fish,0.365,26.87,2.003,0.871,Fraserganj,309.07,512.37
2025-01-08,West Bengal,21.8494,88.9365,Shrimp,0.503,26.63,1.23,0.126,Fraserganj,437.75,859.53
2025-01-09,West Bengal,20.9402,87.3605,Pomfret,0.279,26.2,1.978,0.454,Digha,318.07,736.16
2025-01-10,West Bengal,22.016,88.9957,Indian Mackerel,0.506,26.28,1.001,0.516,Fraserganj,98.67,111.68
2025-01-11,West Bengal,22.2706,87.9636,Indian Mackerel,0.564,26.65,1.28,0.943,Digha,91.69,110.02
2025-01-12,West Bengal,21.4333,87.9731,Indian Mackerel,0.217,25.11,0.887,0.502,Fraserganj,82.57,138.41
2025-01-13,West Bengal,21.0834,87.4529,Pomfret,0.747,27.93,0.553,0.257,Digha,361.73,794.29
2025-01-14,West Bengal,22.0932,87.826,Seer Fish,0.421,26.44,1.464,0.183,Fraserganj,347.46,562.73
2025-01-15,West Bengal,21.1286,87.1693,Sardine,0.394,25.9,1.058,0.05,Digha,56.15,63.76
2025-01-16,West Bengal,20.924,87.6805,Shrimp,0.281,25.65,1.349,0.379,Fraserganj,600.12,852.66
2025-01-17,West Bengal,20.8273,88.7423,Sardine,0.427,26.99,1.783,0.628,Digha,46.38,79.86
2025-01-18,West Bengal,21.8569,88.4602,Tuna,0.589,26.72,1.045,0.256,Fraserganj,236.77,444.81
2025-01-19,West Bengal,20.6528,87.1916,Sardine,0.592,26.69,1.191,0.294,Digha,47.51,65.64
2025-01-20,West Bengal,22.2217,87.9767,Seer Fish,0.478,26.47,1.438,0.89,Fraserganj,294.93,467.05
2025-01-21,West Bengal,21.0264,87.6762,Pomfret,0.558,27.48,1.593,0.098,Fraserganj,406.9,754.83
2025-01-22,West Bengal,22.0697,88.859,Shrimp,0.343,26.31,1.533,0.712,Fraserganj,384.45,793.65
2025-01-23,West Bengal,20.8989,87.525,Seer Fish,0.636,27.09,1.41,0.399,Fraserganj,302.85,500.61
2025-01-24,West Bengal,21.5558,87.5461,Tuna,0.301,25.46,0.747,0.364,Fraserganj,249.78,391.16
2025-01-25,West Bengal,21.8054,87.2426,Seer Fish,0.737,28.31,0.689,0.518,Digha,262.97,431.08
2025-01-26,West Bengal,21.4375,87.7973,Indian Mackerel,0.588,29.2,1.518,0.278,Digha,108.89,134.95
2025-01-27,West Bengal,21.4271,88.475,Pomfret,0.729,27.1,1.172,0.732,Fraserganj,414.06,682.79
2025-01-28,West Bengal,20.7928,87.2795,Tuna,0.87,27.83,1.041,0.05,Digha,306.6,440.08
2025-01-29,West Bengal,22.1658,87.5078,Shrimp,0.64,27.15,1.2,0.714,Digha,526.87,867.61
2025-01-30,West Bengal,21.3043,87.1332,Indian Mackerel,0.613,27.26,1.37,0.308,Digha,93.99,129.64
2025-01-31,West Bengal,20.707,87.507,Seer Fish,0.726,27.38,0.736,0.05,Fraserganj,301.13,587.93
2025-02-01,West Bengal,21.6059,88.3931,Tuna,0.815,27.28,0.982,0.634,Digha,300.72,386.86
2025-02-02,West Bengal,21.5446,88.0327,Tuna,0.67,27.29,1.415,0.783,Digha,280.34,422.22
2025-02-03,West Bengal,21.1693,87.7582,Shrimp,0.572,26.73,1.118,0.555,Fraserganj,615.31,827.12
2025-02-04,West Bengal,20.6237,88.4893,Seer Fish,0.854,28.21,1.086,0.147,Digha,358.45,475.04
2025-02-05,West Bengal,22.3344,88.562,Shrimp,0.749,27.36,1.094,0.299,Fraserganj,356.3,888.72
2025-02-06,West Bengal,21.1889,87.3796,Tuna,0.703,27.38,1.301,0.606,Fraserganj,301.34,344.17
2025-02-07,West Bengal,21.3038,88.2932,Sardine,0.529,26.2,1.242,0.091,Fraserganj,59.28,78.61
2025-02-08,West Bengal,22.0245,88.0408,Pomfret,0.703,27.62,1.486,0.754,Digha,348.82,699.92
2025-02-09,West Bengal,21.1643,87.0184,Sardine,0.805,27.26,1.11,0.555,Digha,47.58,60.19
2025-02-10,West Bengal,21.0677,87.2386,Shrimp,0.752,27.59,1.229,0.305,Digha,587.05,741.69
2025-02-11,West Bengal,22.3314,87.9959,Sardine,0.83,28.29,1.097,0.05,Fraserganj,49.74,75.81
2025-02-12,West Bengal,22.3325,87.7767,Shrimp,0.779,28.26,1.2,0.748,Fraserganj,378.6,782.77
2025-02-13,West Bengal,21.6525,88.9045,Sardine,0.785,28.24,1.064,0.238,Digha,50.8,69.88
2025-02-14,West Bengal,21.5268,87.328,Seer Fish,0.729,28.95,1.069,0.411,Fraserganj,323.39,528.94
2025-02-15,West Bengal,22.2267,87.3183,Sardine,0.787,28.36,0.787,0.322,Fraserganj,52.69,73.45
2025-02-16,West Bengal,21.8598,87.5307,Shrimp,0.674,27.16,1.29,0.514,Digha,576.2,736.65
2025-02-17,West Bengal,22.4694,88.541,Sardine,0.632,28.08,1.586,0.782,Fraserganj,59.28,66.49
2025-02-18,West Bengal,22.0974,87.4213,Shrimp,0.879,27.85,0.777,0.866,Digha,455.34,798.32
2025-02-19,West Bengal,21.3841,88.2573,Tuna,0.832,27.82,0.981,0.989,Fraserganj,232.56,355.49
2025-02-20,West Bengal,20.5826,88.6185,Indian Mackerel,0.815,28.58,1.17,0.828,Fraserganj,101.06,139.1
2025-02-21,West Bengal,21.3699,87.8121,Shrimp,0.575,27.67,1.606,0.801,Fraserganj,354.32,704.58
2025-02-22,West Bengal,21.7829,87.3719,Shrimp,0.488,28.59,1.665,0.554,Digha,362.18,831.18
2025-02-23,West Bengal,20.6428,87.9346,Seer Fish,0.759,28.41,1.131,0.937,Digha,273.34,596.39
2025-02-24,West Bengal,21.0155,87.9177,Shrimp,0.532,29.55,1.184,0.05,Digha,478.47,818.83
2025-02-25,West Bengal,21.1177,87.6306,Seer Fish,0.325,28.89,1.922,0.898,Fraserganj,289.27,514.29
2025-02-26,West Bengal,21.5417,88.1808,Tuna,0.808,27.95,1.027,0.624,Digha,248.47,346.96
2025-02-27,West Bengal,22.0392,87.6403,Indian Mackerel,0.591,28.68,1.573,0.391,Digha,89.98,138.35
2025-02-28,West Bengal,20.5272,87.6982,Shrimp,0.727,28.66,1.108,0.52,Digha,371.26,695.91
2025-03-01,West Bengal,20.6884,87.6304,Seer Fish,0.607,28.08,0.341,0.731,Fraserganj,419.68,476.83
2025-03-02,West Bengal,21.7546,87.8401,Indian Mackerel,0.518,26.35,1.073,0.346,Fraserganj,84.61,132.93
2025-03-03,West Bengal,21.948,88.13,Indian Mackerel,0.655,28.86,1.222,0.294,Fraserganj,93.74,135.94
2025-03-04,West Bengal,22.352,87.0476,Sardine,0.583,28.43,1.583,0.358,Digha,51.02,68.21
2025-03-05,West Bengal,22.1766,88.9619,Seer Fish,0.192,30.55,1.801,0.422,Digha,373.34,481.18
2025-03-06,West Bengal,21.6513,88.1883,Shrimp,0.592,28.73,0.492,0.639,Digha,610.59,867.62
2025-03-07,West Bengal,20.9888,87.1912,Pomfret,0.506,29.61,1.168,0.564,Fraserganj,507.97,573.88
2025-03-08,West Bengal,20.7225,88.8026,Sardine,0.463,29.1,1.507,0.5,Fraserganj,55.41,76.43
2025-03-09,West Bengal,21.8975,88.3844,Seer Fish,0.748,28.71,0.653,0.595,Fraserganj,416.24,429.85
2025-03-10,West Bengal,20.7789,88.1407,Sardine,0.783,28.44,1.28,0.613,Fraserganj,56.63,60.8
2025-03-11,West Bengal,20.9718,87.7483,Indian Mackerel,0.5,29.28,1.51,1.067,Digha,92.84,113.67
2025-03-12,West Bengal,21.3624,87.868,Shrimp,0.731,28.15,1.362,0.343,Digha,536.58,850.19
2025-03-13,West Bengal,21.6276,88.0504,Tuna,0.61,29.11,1.274,0.856,Digha,292.26,401.97
2025-03-14,West Bengal,22.4738,88.7739,Shrimp,0.782,27.82,0.834,0.264,Fraserganj,565.99,751.02
2025-03-15,West Bengal,20.5751,87.9845,Seer Fish,0.548,29.28,1.559,0.755,Fraserganj,324.12,457.61
2025-03-16,West Bengal,21.2278,87.2582,Seer Fish,0.732,28.42,1.519,0.068,Digha,397.56,591.61
2025-03-17,West Bengal,22.0802,88.3192,Pomfret,0.609,29.48,0.876,0.356,Fraserganj,518.72,726.63
2025-03-18,West Bengal,22.021,88.0464,Seer Fish,0.874,28.42,1.089,0.43,Digha,256.24,588.74
2025-03-19,West Bengal,21.6722,87.5963,Sardine,0.642,29.15,1.337,0.652,Digha,54.71,75.51
2025-03-20,West Bengal,22.1176,88.1415,Pomfret,0.269,28.97,2.126,0.737,Digha,545.88,610.63
2025-03-21,West Bengal,21.7916,87.6073,Seer Fish,0.743,28.6,1.212,0.534,Fraserganj,369.01,496.25
2025-03-22,West Bengal,21.9525,87.2201,Shrimp,0.583,29.33,0.667,0.917,Fraserganj,577.62,798.79
2025-03-23,West Bengal,21.6139,87.2669,Shrimp,0.185,30.56,1.151,0.429,Fraserganj,374.28,898.86
2025-03-24,West Bengal,22.2946,87.0422,Tuna,0.69,28.66,1.249,0.424,Digha,295.35,374.14
2025-03-25,West Bengal,21.1451,87.8489,Seer Fish,0.79,27.76,1.074,0.503,Digha,332.81,594.98
2025-03-26,West Bengal,21.2447,87.7431,Sardine,0.257,30.14,1.702,0.333,Fraserganj,40.8,79.71
2025-03-27,West Bengal,21.1809,87.6239,Shrimp,0.659,28.02,1.365,0.658,Fraserganj,571.45,663.34
2025-03-28,West Bengal,21.3373,88.7626,Indian Mackerel,0.717,28.79,1.214,0.282,Digha,107.35,131.52
2025-03-29,West Bengal,20.7106,87.4789,Shrimp,0.598,29.26,1.428,0.269,Fraserganj,610.67,800.58
2025-03-30,West Bengal,22.0033,88.5032,Sardine,0.753,28.63,1.211,0.803,Digha,40.52,79.8
2025-03-31,West Bengal,21.145,88.6859,Seer Fish,0.724,28.84,1.063,0.154,Digha,276.94,584.22
2025-04-01,West Bengal,22.3767,87.0251,Seer Fish,0.55,28.99,0.612,0.169,Digha,331.48,547.77
2025-04-02,West Bengal,21.9372,87.8807,Indian Mackerel,0.716,28.99,0.915,0.337,Fraserganj,86.88,129.35
2025-04-03,West Bengal,21.1697,88.8391,Seer Fish,0.626,28.85,0.487,0.368,Digha,341.85,529.94
2025-04-04,West Bengal,21.6333,88.3083,Pomfret,0.368,27.85,2.011,0.2,Fraserganj,310.4,730.37
2025-04-05,West Bengal,20.6239,87.9366,Indian Mackerel,0.796,28.24,0.989,0.897,Digha,103.14,122.35
2025-04-06,West Bengal,20.8677,88.8828,Pomfret,0.529,28.28,1.715,0.166,Digha,430.46,585.17
2025-04-07,West Bengal,20.9393,87.9639,Seer Fish,0.613,29.2,0.87,0.471,Digha,353.42,440.7
2025-04-08,West Bengal,21.9677,88.9895,Sardine,0.533,29.24,1.511,0.158,Digha,59.78,67.93
2025-04-09,West Bengal,22.4818,87.3119,Pomfret,0.658,28.54,0.521,0.097,Fraserganj,428.49,727.18
2025-04-10,West Bengal,21.2817,88.6826,Sardine,0.695,28.65,1.422,0.409,Digha,46.93,67.39
2025-04-11,West Bengal,22.2775,87.9287,Indian Mackerel,0.659,29.06,1.047,0.205,Digha,85.72,130.82
2025-04-12,West Bengal,21.7053,87.3691,Sardine,0.777,28.19,0.88,0.273,Fraserganj,55.74,66.69
2025-04-13,West Bengal,22.2625,88.2298,Seer Fish,0.813,27.91,1.297,0.05,Digha,407.34,551.55
2025-04-14,West Bengal,20.5582,87.0462,Pomfret,0.614,26.97,0.889,0.477,Fraserganj,434.62,586.47
2025-04-15,West Bengal,21.6061,88.2974,Sardine,0.475,29.68,1.198,0.555,Fraserganj,57.61,61.03
2025-04-16,West Bengal,21.6099,88.5594,Indian Mackerel,0.494,28.97,1.631,0.561,Digha,89.18,111.46
2025-04-17,West Bengal,21.8513,88.5737,Tuna,0.759,28.66,0.76,0.614,Digha,254.79,350.15
2025-04-18,West Bengal,21.2659,87.4073,Sardine,0.174,30.19,1.841,0.066,Digha,50.12,70.87
2025-04-19,West Bengal,21.4433,87.5378,Tuna,0.711,28.94,1.33,0.552,Fraserganj,281.36,350.44
2025-04-20,West Bengal,22.3653,88.789,Sardine,0.45,28.54,1.722,0.907,Fraserganj,57.05,71.6
2025-04-21,West Bengal,21.5407,88.8615,Seer Fish,0.817,28.18,1.254,0.523,Digha,344.75,428.23
2025-04-22,West Bengal,20.624,88.7762,Sardine,0.698,28.72,0.834,0.871,Fraserganj,48.55,62.27
2025-04-23,West Bengal,21.3675,87.9146,Tuna,0.906,28.29,0.949,1.252,Digha,238.32,351.19
2025-04-24,West Bengal,22.154,88.523,Shrimp,0.736,28.83,1.041,0.716,Digha,489.58,776.87
2025-04-25,West Bengal,21.9247,87.9691,Pomfret,0.271,29.83,0.05,0.653,Fraserganj,464.76,734.0
2025-04-26,West Bengal,22.373,88.9195,Tuna,0.378,27.73,2.042,0.722,Fraserganj,280.22,396.76
2025-04-27,West Bengal,21.1178,87.909,Pomfret,0.331,29.76,1.637,0.657,Digha,543.57,647.58
2025-04-28,West Bengal,22.3193,87.4511,Shrimp,0.742,27.48,1.394,0.653,Fraserganj,535.84,651.96
2025-04-29,West Bengal,20.7545,87.1233,Pomfret,0.313,27.76,2.042,0.05,Digha,354.77,674.58
2025-04-30,West Bengal,22.1492,88.6327,Shrimp,0.685,28.15,0.592,0.507,Fraserganj,594.89,706.65
2025-01-01,Andhra Pradesh,18.6232,81.5286,Shrimp,0.319,25.79,1.723,0.328,Ongole,605.94,827.71
2025-01-02,Andhra Pradesh,16.6042,83.49,Indian Mackerel,0.162,25.17,1.493,0.983,Visakhapatnam,90.94,139.66
2025-01-03,Andhra Pradesh,16.7662,81.2973,Tuna,0.456,26.8,1.621,0.737,Ongole,319.11,392.96
2025-01-04,Andhra Pradesh,17.259,82.1457,Indian Mackerel,0.449,26.56,0.531,0.611,Kakinada,86.98,137.71
2025-01-05,Andhra Pradesh,17.5759,80.9225,Pomfret,0.458,26.22,1.033,0.353,Ongole,493.55,701.76
2025-01-06,Andhra Pradesh,13.6248,83.6896,Seer Fish,0.326,26.7,1.812,0.115,Visakhapatnam,414.75,511.45
2025-01-07,Andhra Pradesh,13.9704,83.4091,Pomfret,0.228,26.07,1.981,0.132,Visakhapatnam,529.81,648.63
2025-01-08,Andhra Pradesh,13.8803,81.0658,Indian Mackerel,0.69,26.82,0.838,0.438,Kakinada,80.98,112.08
2025-01-09,Andhra Pradesh,14.9166,81.9475,Sardine,0.162,25.31,1.811,0.582,Visakhapatnam,50.18,73.48
2025-01-10,Andhra Pradesh,16.7389,82.0933,Seer Fish,0.429,26.24,1.219,0.256,Ongole,272.23,512.94
2025-01-11,Andhra Pradesh,16.587,81.0199,Shrimp,0.679,26.98,1.299,0.652,Ongole,411.16,886.85
2025-01-12,Andhra Pradesh,18.7722,82.7617,Pomfret,0.132,25.35,0.348,0.687,Visakhapatnam,408.46,718.37
2025-01-13,Andhra Pradesh,15.8209,83.4258,Shrimp,0.669,26.79,1.082,0.157,Ongole,608.19,792.02
2025-01-14,Andhra Pradesh,14.3711,81.7597,Tuna,0.343,26.02,0.504,0.06,Kakinada,224.87,399.26
2025-01-15,Andhra Pradesh,16.4951,80.4236,Seer Fish,0.425,26.42,0.843,1.032,Kakinada,315.5,558.14
2025-01-16,Andhra Pradesh,15.99,83.0701,Shrimp,0.6,26.87,1.587,0.298,Ongole,404.47,775.39
2025-01-17,Andhra Pradesh,18.9845,82.0472,Sardine,0.606,26.91,1.069,0.499,Visakhapatnam,43.96,78.42
2025-01-18,Andhra Pradesh,15.9299,82.8426,Tuna,0.747,27.45,0.728,0.456,Visakhapatnam,301.73,430.48
2025-01-19,Andhra Pradesh,16.9931,83.5726,Seer Fish,0.797,27.45,0.989,0.521,Kakinada,345.02,479.95
2025-01-20,Andhra Pradesh,14.9928,82.4063,Sardine,0.804,27.96,0.678,0.557,Ongole,44.62,61.72
2025-01-21,Andhra Pradesh,13.8051,83.4503,Tuna,0.563,26.74,1.211,0.626,Kakinada,299.27,342.58
2025-01-22,Andhra Pradesh,16.0768,82.4816,Tuna,0.819,27.83,1.195,0.48,Kakinada,305.42,354.82
2025-01-23,Andhra Pradesh,13.6749,81.5303,Sardine,0.639,26.88,1.184,0.391,Kakinada,55.07,73.92
2025-01-24,Andhra Pradesh,16.1811,81.1435,Pomfret,0.613,26.58,1.202,0.171,Kakinada,430.75,560.81
2025-01-25,Andhra Pradesh,15.3837,79.8458,Shrimp,0.619,27.33,1.592,0.477,Kakinada,417.36,652.54
2025-01-26,Andhra Pradesh,17.9412,80.1086,Sardine,0.499,28.62,1.717,0.304,Kakinada,48.0,71.86
2025-01-27,Andhra Pradesh,16.202,80.8657,Shrimp,0.58,26.82,1.179,0.576,Visakhapatnam,412.08,769.7
2025-01-28,Andhra Pradesh,14.2041,81.6359,Indian Mackerel,0.838,27.64,0.975,0.624,Kakinada,87.85,137.65
2025-01-29,Andhra Pradesh,15.7979,83.3885,Sardine,0.808,27.48,0.955,0.351,Kakinada,52.19,63.83
2025-01-30,Andhra Pradesh,15.0033,82.3816,Tuna,0.895,27.9,0.831,0.496,Kakinada,324.78,338.33
2025-01-31,Andhra Pradesh,17.739,79.9965,Shrimp,0.521,26.32,0.85,0.184,Kakinada,366.4,727.72
2025-02-01,Andhra Pradesh,13.9267,82.1849,Sardine,0.629,28.94,1.218,0.673,Visakhapatnam,59.36,73.63
2025-02-02,Andhra Pradesh,15.2337,82.8024,Sardine,0.831,27.52,0.772,0.299,Ongole,51.64,75.72
2025-02-03,Andhra Pradesh,14.4309,79.9885,Sardine,0.389,26.93,1.68,0.562,Visakhapatnam,43.52,75.49
2025-02-04,Andhra Pradesh,16.3262,79.5476,Sardine,0.656,28.19,1.576,0.05,Ongole,44.97,67.57
2025-02-05,Andhra Pradesh,17.9996,83.6079,Pomfret,0.67,27.15,1.281,0.077,Visakhapatnam,453.83,798.77
2025-02-06,Andhra Pradesh,14.4776,81.9589,Pomfret,0.711,27.8,1.556,1.264,Kakinada,324.4,610.11
2025-02-07,Andhra Pradesh,15.736,83.3963,Seer Fish,0.826,28.06,1.169,0.646,Kakinada,311.05,570.24
2025-02-08,Andhra Pradesh,18.4096,80.3408,Shrimp,0.772,28.79,1.036,0.576,Ongole,402.04,847.2
2025-02-09,Andhra Pradesh,14.9346,83.0965,Pomfret,0.818,27.88,0.991,0.686,Visakhapatnam,541.71,717.68
2025-02-10,Andhra Pradesh,15.4946,83.7109,Sardine,0.551,28.88,1.665,0.581,Kakinada,58.73,66.35
2025-02-11,Andhra Pradesh,14.3553,79.8322,Tuna,0.797,27.86,1.168,0.892,Visakhapatnam,309.79,406.61
2025-02-12,Andhra Pradesh,14.3482,81.1055,Indian Mackerel,0.462,29.16,0.262,0.76,Kakinada,94.41,139.23
2025-02-13,Andhra Pradesh,15.394,82.417,Seer Fish,0.503,28.78,1.644,0.825,Visakhapatnam,261.41,593.56
2025-02-14,Andhra Pradesh,15.4194,83.2433,Pomfret,0.762,27.66,0.669,0.319,Visakhapatnam,387.13,658.58
2025-02-15,Andhra Pradesh,15.3435,81.0118,Indian Mackerel,0.671,27.5,1.4,0.728,Visakhapatnam,94.55,130.07
2025-02-16,Andhra Pradesh,15.5333,80.4591,Tuna,0.739,28.34,0.599,0.187,Visakhapatnam,251.85,373.61
2025-02-17,Andhra Pradesh,17.0138,80.3582,Indian Mackerel,0.598,26.77,1.045,0.05,Ongole,101.18,121.81
2025-02-18,Andhra Pradesh,14.9997,79.5152,Seer Fish,0.314,27.64,2.049,0.57,Kakinada,410.68,491.73
2025-02-19,Andhra Pradesh,17.7085,82.1896,Sardine,0.227,30.36,1.673,1.11,Ongole,41.65,76.86
2025-02-20,Andhra Pradesh,13.5583,83.3775,Seer Fish,0.714,28.74,0.934,0.474,Kakinada,335.32,432.09
2025-02-21,Andhra Pradesh,17.1087,83.2892,Shrimp,0.512,29.08,1.611,0.563,Visakhapatnam,609.0,805.28
2025-02-22,Andhra Pradesh,14.7729,80.6329,Shrimp,0.281,28.61,2.106,0.246,Kakinada,603.07,742.56
2025-02-23,Andhra Pradesh,15.5078,83.11,Shrimp,0.715,27.32,1.174,0.499,Kakinada,403.84,881.38
2025-02-24,Andhra Pradesh,14.8781,82.8025,Sardine,0.724,28.5,0.676,0.239,Kakinada,57.66,66.15
2025-02-25,Andhra Pradesh,17.306,82.8883,Pomfret,0.809,27.74,1.092,0.847,Visakhapatnam,353.97,727.35
2025-02-26,Andhra Pradesh,18.6427,82.0434,Pomfret,0.822,28.62,0.968,0.475,Visakhapatnam,544.78,698.88
2025-02-27,Andhra Pradesh,17.4859,81.5039,Indian Mackerel,0.48,28.97,0.343,1.071,Kakinada,95.43,127.91
2025-02-28,Andhra Pradesh,16.0165,81.0334,Seer Fish,0.759,28.52,1.289,0.138,Ongole,333.49,576.62
2025-03-01,Andhra Pradesh,13.6199,82.558,Pomfret,0.5,29.25,1.503,0.728,Visakhapatnam,507.03,709.63
2025-03-02,Andhra Pradesh,18.4404,82.3345,Indian Mackerel,0.89,28.03,1.246,0.611,Visakhapatnam,82.47,132.08
2025-03-03,Andhra Pradesh,16.5058,83.7911,Indian Mackerel,0.814,27.98,1.19,0.26,Kakinada,101.67,134.45
2025-03-04,Andhra Pradesh,18.1945,79.8477,Tuna,0.366,29.91,1.344,0.887,Kakinada,264.85,428.12
2025-03-05,Andhra Pradesh,15.7418,79.619,Shrimp,0.609,29.32,1.128,0.782,Visakhapatnam,582.19,835.61
2025-03-06,Andhra Pradesh,15.5853,81.6542,Indian Mackerel,0.482,29.61,0.651,0.05,Ongole,93.91,128.27
2025-03-07,Andhra Pradesh,13.5357,83.9538,Tuna,0.657,28.24,1.481,0.054,Kakinada,318.23,441.98
2025-03-08,Andhra Pradesh,17.8383,81.5536,Tuna,0.633,29.04,1.094,0.778,Kakinada,334.06,368.04
2025-03-09,Andhra Pradesh,17.3352,82.1869,Pomfret,0.528,29.34,1.541,0.847,Ongole,305.59,752.18
2025-03-10,Andhra Pradesh,16.2013,80.8808,Tuna,0.702,28.68,1.47,0.45,Visakhapatnam,323.13,440.8
2025-03-11,Andhra Pradesh,18.4925,81.8725,Seer Fish,0.846,27.83,1.191,0.545,Kakinada,340.12,481.32
2025-03-12,Andhra Pradesh,14.3479,81.5393,Shrimp,0.358,30.18,0.923,0.307,Ongole,419.37,875.54
2025-03-13,Andhra Pradesh,15.6917,82.3524,Shrimp,0.741,28.59,0.955,0.361,Visakhapatnam,353.5,792.42
2025-03-14,Andhra Pradesh,13.8601,81.2117,Shrimp,0.362,27.97,1.964,0.384,Kakinada,555.4,680.42
2025-03-15,Andhra Pradesh,15.3772,83.8498,Sardine,0.306,30.14,1.328,0.603,Ongole,51.05,71.27
2025-03-16,Andhra Pradesh,17.5463,80.715,Indian Mackerel,0.314,27.31,1.958,0.05,Visakhapatnam,92.84,135.28
2025-03-17,Andhra Pradesh,17.9303,82.7898,Shrimp,0.307,30.14,1.118,0.844,Kakinada,379.84,742.8
2025-03-18,Andhra Pradesh,16.056,83.8993,Shrimp,0.602,29.15,1.078,0.717,Ongole,579.47,831.94
2025-03-19,Andhra Pradesh,16.0328,81.4314,Indian Mackerel,0.759,28.64,0.663,1.202,Visakhapatnam,104.62,115.86
2025-03-20,Andhra Pradesh,14.2881,79.6171,Shrimp,0.507,29.34,1.392,0.328,Visakhapatnam,458.71,895.37
2025-03-21,Andhra Pradesh,14.8465,81.1937,Shrimp,0.553,29.46,0.561,0.373,Ongole,499.67,633.85
2025-03-22,Andhra Pradesh,16.9041,79.7493,Tuna,0.788,27.9,0.539,0.615,Visakhapatnam,313.51,370.09
2025-03-23,Andhra Pradesh,16.7265,83.6167,Shrimp,0.784,28.14,1.324,0.493,Visakhapatnam,605.76,657.42
2025-03-24,Andhra Pradesh,14.7759,83.5668,Indian Mackerel,0.665,28.47,1.547,0.108,Ongole,98.15,113.66
2025-03-25,Andhra Pradesh,16.5175,79.5537,Shrimp,0.806,28.49,1.056,0.381,Kakinada,608.06,654.53
2025-03-26,Andhra Pradesh,18.7245,79.9914,Tuna,0.832,28.42,1.238,0.292,Kakinada,298.86,416.31
2025-03-27,Andhra Pradesh,14.7792,83.4634,Seer Fish,0.324,30.23,1.134,0.102,Kakinada,282.18,487.86
2025-03-28,Andhra Pradesh,15.6084,81.6372,Sardine,0.89,28.06,0.9,0.268,Visakhapatnam,46.97,63.59
2025-03-29,Andhra Pradesh,16.47,82.6721,Seer Fish,0.808,28.26,1.332,0.421,Ongole,256.64,504.94
2025-03-30,Andhra Pradesh,18.0422,80.9089,Tuna,0.541,29.69,1.154,0.19,Kakinada,283.46,342.36
2025-03-31,Andhra Pradesh,14.2493,80.3149,Tuna,0.359,29.87,1.518,0.249,Kakinada,231.12,361.04
2025-04-01,Andhra Pradesh,18.4374,83.9086,Indian Mackerel,0.742,28.84,1.063,0.699,Visakhapatnam,82.97,130.48
2025-04-02,Andhra Pradesh,14.8906,81.2639,Pomfret,0.446,29.75,0.941,0.13,Ongole,499.65,664.64
2025-04-03,Andhra Pradesh,14.599,83.1496,Shrimp,0.692,28.61,0.713,0.495,Kakinada,575.73,673.99
2025-04-04,Andhra Pradesh,17.348,79.6232,Pomfret,0.5,29.53,0.51,0.246,Visakhapatnam,481.64,727.76
2025-04-05,Andhra Pradesh,15.6008,83.6014,Sardine,0.582,29.21,1.355,0.258,Ongole,56.26,71.74
2025-04-06,Andhra Pradesh,17.6836,80.3185,Pomfret,0.586,28.35,1.623,0.181,Visakhapatnam,522.97,708.08
2025-04-07,Andhra Pradesh,15.4104,81.6746,Tuna,0.222,30.61,0.868,0.118,Ongole,303.02,423.95
2025-04-08,Andhra Pradesh,14.324,81.4987,Seer Fish,0.671,27.16,1.131,0.323,Kakinada,301.0,573.91
2025-04-09,Andhra Pradesh,16.0216,79.608,Tuna,0.603,28.87,1.453,0.916,Visakhapatnam,284.83,343.84
2025-04-10,Andhra Pradesh,17.8994,83.664,Sardine,0.508,28.89,1.625,0.601,Kakinada,43.36,60.19
2025-04-11,Andhra Pradesh,13.9032,80.5052,Indian Mackerel,0.48,28.62,1.696,0.197,Kakinada,86.13,130.63
2025-04-12,Andhra Pradesh,15.421,81.8032,Shrimp,0.529,29.49,0.425,0.386,Visakhapatnam,426.14,734.36
2025-04-13,Andhra Pradesh,17.2415,83.5087,Indian Mackerel,0.382,29.93,0.62,0.152,Visakhapatnam,108.02,114.33
2025-04-14,Andhra Pradesh,14.6242,80.6082,Pomfret,0.698,28.6,1.184,0.782,Ongole,306.71,661.08
2025-04-15,Andhra Pradesh,14.0825,82.2862,Seer Fish,0.686,28.62,0.602,0.502,Ongole,423.08,433.36
2025-04-16,Andhra Pradesh,15.0859,81.7216,Sardine,0.719,28.87,1.057,0.473,Visakhapatnam,45.04,77.55
2025-04-17,Andhra Pradesh,15.8983,80.7321,Shrimp,0.764,28.67,0.963,0.374,Kakinada,536.76,760.16
2025-04-18,Andhra Pradesh,17.7459,83.7671,Pomfret,0.785,28.02,0.743,0.604,Kakinada,352.92,570.18
2025-04-19,Andhra Pradesh,18.8921,83.6329,Shrimp,0.37,29.12,1.753,0.759,Visakhapatnam,561.26,697.8
2025-04-20,Andhra Pradesh,15.2094,82.1997,Seer Fish,0.606,28.88,1.501,0.735,Kakinada,306.5,436.54
2025-04-21,Andhra Pradesh,16.8828,83.3216,Indian Mackerel,0.241,29.12,2.074,0.841,Kakinada,95.62,112.21
2025-04-22,Andhra Pradesh,16.3171,83.2023,Pomfret,0.366,30.0,1.424,0.62,Visakhapatnam,540.01,606.42
2025-04-23,Andhra Pradesh,17.4894,81.8874,Shrimp,0.632,28.37,1.621,0.594,Visakhapatnam,457.64,897.23
2025-04-24,Andhra Pradesh,14.6434,81.9515,Shrimp,0.445,29.08,1.641,0.435,Kakinada,572.48,763.97
2025-04-25,Andhra Pradesh,17.3648,82.8559,Tuna,0.824,28.18,0.87,0.812,Visakhapatnam,314.58,446.81
2025-04-26,Andhra Pradesh,15.6299,80.8934,Sardine,0.656,28.9,0.74,0.646,Ongole,52.79,78.44
2025-04-27,Andhra Pradesh,14.3344,82.0513,Pomfret,0.677,29.23,1.087,0.367,Kakinada,541.36,658.88
2025-04-28,Andhra Pradesh,16.5764,82.3289,Sardine,0.777,28.64,1.127,0.647,Kakinada,57.64,67.03
2025-04-29,Andhra Pradesh,16.5397,82.3896,Indian Mackerel,0.759,27.58,1.343,0.694,Visakhapatnam,94.47,131.29
2025-04-30,Andhra Pradesh,16.8682,83.78,Seer Fish,0.462,28.04,1.835,0.05,Ongole,399.23,537.96
